filename,width,height,class,xmin,ymin,xmax,ymax
Oscar Three Seater Sofa in Garnet Red Colour by CasaCraft-9.jpg,1600,800,Oscar Three Seater Sofa in Garnet Red Colour by CasaCraft,148,24,1423,742
Miranda Three Seater Sofa in Navy Blue Colour by CasaCraft-1.jpg,1600,800,Miranda Three Seater Sofa in Navy Blue Colour by CasaCraft,90,113,1489,737
Oscar Three Seater Sofa in Charcoal Grey Colour by CasaCraft-10.jpg,1600,800,Oscar Three Seater Sofa in Charcoal Grey Colour by CasaCraft,66,31,1531,737
Miranda Three Seater Sofa in Denim Blue Colour by CasaCraft-6.jpg,1600,800,Miranda Three Seater Sofa in Denim Blue Colour by CasaCraft,28,72,1572,741
Mamore Three Seater Sofa in Chestnut Brown Color by CasaCraft-8.jpg,1600,800,Mamore Three Seater Sofa in Chestnut Brown Color by CasaCraft,421,14,1177,741
Oscar Three Seater Sofa in Denim Blue Colour by CasaCraft-9.jpg,1600,800,Oscar Three Seater Sofa in Denim Blue Colour by CasaCraft,172,24,1407,744
Oscar Three Seater Sofa in Navy Blue Colour by CasaCraft-11.jpg,1600,800,Oscar Three Seater Sofa in Navy Blue Colour by CasaCraft,1,1,1196,800
Oscar Three Seater Sofa in Beige Colour by CasaCraft-8.jpg,1600,800,Oscar Three Seater Sofa in Beige Colour by CasaCraft,439,26,1073,742
Miranda Three Seater Sofa in Sandy Brown Colour by CasaCraft-10.jpg,1600,800,Miranda Three Seater Sofa in Sandy Brown Colour by CasaCraft,28,52,1564,741
Lara Three Seater Sofa in Sandy Brown Colour by CasaCraft-6.jpg,1600,800,Lara Three Seater Sofa in Sandy Brown Colour by CasaCraft,48,36,1552,749
Oscar Three Seater Sofa in Ash Grey Colour by CasaCraft-2.jpg,1600,800,Oscar Three Seater Sofa in Ash Grey Colour by CasaCraft,180,32,1415,742
Parana Three Seater Sofa in Beige Color by CasaCraft-11.jpg,1600,800,Parana Three Seater Sofa in Beige Color by CasaCraft,1,5,1537,800
Mamore Three Seater Sofa in Charcoal Grey Color by CasaCraft-6.jpg,1600,800,Mamore Three Seater Sofa in Charcoal Grey Color by CasaCraft,30,90,1574,734
Madeira Three Seater Sofa in Charcoal Grey Colour by CasaCraft-7.jpg,1600,800,Madeira Three Seater Sofa in Charcoal Grey Colour by CasaCraft,28,55,1566,741
Miranda Three Seater Sofa in Charcoal Grey Colour by CasaCraft-11.jpg,1600,800,Miranda Three Seater Sofa in Charcoal Grey Colour by CasaCraft,1,1,1458,800
Lara Three Seater Sofa in Chestnut Brown Colour by CasaCraft-8.jpg,1600,800,Lara Three Seater Sofa in Chestnut Brown Colour by CasaCraft,144,5,1385,741
Rio Brilliance Three Seater Sofa in Yellow Colour by Urban Living-2.jpg,1600,800,Rio Brilliance Three Seater Sofa in Yellow Colour by Urban Living,113,1,1480,742
Maurya Handcrafted Three Seater Sofa in Honey Oak Finish by Mudramark-10.jpg,1600,800,Maurya Handcrafted Three Seater Sofa in Honey Oak Finish by Mudramark,1,1,1600,798
Mamore Three Seater Sofa in Chestnut Brown Color by CasaCraft-10.jpg,1600,800,Mamore Three Seater Sofa in Chestnut Brown Color by CasaCraft,31,101,1572,744
Memphis Monarch Three Seater Sofa in Dark Brown Colour by Urban Living-1.jpg,1600,800,Memphis Monarch Three Seater Sofa in Dark Brown Colour by Urban Living,213,100,1564,700
Maurya Handcrafted Three Seater Sofa in Honey Oak Finish by Mudramark-4.jpg,1600,800,Maurya Handcrafted Three Seater Sofa in Honey Oak Finish by Mudramark,10,5,1587,734
Managua Three Seater Sofa in Red Colour by CasaCraft-1.jpg,1600,800,Managua Three Seater Sofa in Red Colour by CasaCraft,149,134,1449,741
Parana Three Seater Sofa in Charcoal Grey Color by CasaCraft-10.jpg,1600,800,Parana Three Seater Sofa in Charcoal Grey Color by CasaCraft,23,37,1567,741
Madeira Three Seater Sofa in Charcoal Grey Colour by CasaCraft-9.jpg,1600,800,Madeira Three Seater Sofa in Charcoal Grey Colour by CasaCraft,139,28,1436,741
Oscar Three Seater Sofa in Charcoal Grey Colour by CasaCraft-9.jpg,1600,800,Oscar Three Seater Sofa in Charcoal Grey Colour by CasaCraft,180,28,1370,741
Madeira Three Seater Sofa in Sandy Brown Colour by CasaCraft-8.jpg,1600,800,Madeira Three Seater Sofa in Sandy Brown Colour by CasaCraft,469,28,1154,742
Parana Three Seater Sofa in Beige Color by CasaCraft-1.jpg,1600,800,Parana Three Seater Sofa in Beige Color by CasaCraft,92,121,1479,741
Madeira Three Seater Sofa in Sandy Brown Colour by CasaCraft-7.jpg,1600,800,Madeira Three Seater Sofa in Sandy Brown Colour by CasaCraft,26,49,1567,741
Oscar Three Seater Sofa in Sandy Brown Colour by CasaCraft-9.jpg,1600,800,Oscar Three Seater Sofa in Sandy Brown Colour by CasaCraft,177,24,1362,742
Maurya Handcrafted Three Seater Sofa in Provincial Teak Finish by Mudramark-5.jpg,1600,800,Maurya Handcrafted Three Seater Sofa in Provincial Teak Finish by Mudramark,130,1,1487,737
Lara Three Seater Sofa in Charcoal Grey Colour by CasaCraft-2.jpg,1600,800,Lara Three Seater Sofa in Charcoal Grey Colour by CasaCraft,173,29,1437,737
Oscar Three Seater Sofa in Sandy Brown Colour by CasaCraft-11.jpg,1600,800,Oscar Three Seater Sofa in Sandy Brown Colour by CasaCraft,10,3,1600,798
Miranda Three Seater Sofa in Beige Colour by CasaCraft-7.jpg,1600,800,Miranda Three Seater Sofa in Beige Colour by CasaCraft,28,70,1572,739
Rio Brilliance Three Seater Sofa in Yellow Colour by Urban Living-4.jpg,1600,800,Rio Brilliance Three Seater Sofa in Yellow Colour by Urban Living,36,9,1567,742
Mamore Three Seater Sofa in Charcoal Grey Color by CasaCraft-7.jpg,1600,800,Mamore Three Seater Sofa in Charcoal Grey Color by CasaCraft,30,111,1572,742
Lara Three Seater Sofa in Denim Blue Colour by CasaCraft-6.jpg,1600,800,Lara Three Seater Sofa in Denim Blue Colour by CasaCraft,7,37,1592,741
Oscar Three Seater Sofa in Charcoal Grey Colour by CasaCraft-2.jpg,1600,800,Oscar Three Seater Sofa in Charcoal Grey Colour by CasaCraft,169,31,1415,741
Miranda Three Seater Sofa in Denim Blue Colour by CasaCraft-7.jpg,1600,800,Miranda Three Seater Sofa in Denim Blue Colour by CasaCraft,30,69,1572,742
Oscar Three Seater Sofa in Beige Colour by CasaCraft-2.jpg,1600,800,Oscar Three Seater Sofa in Beige Colour by CasaCraft,170,32,1434,741
Miranda Three Seater Sofa in Sandy Brown Colour by CasaCraft-2.jpg,1600,800,Miranda Three Seater Sofa in Sandy Brown Colour by CasaCraft,95,34,1502,741
Miranda Three Seater Sofa in Charcoal Grey Colour by CasaCraft-6.jpg,1600,800,Miranda Three Seater Sofa in Charcoal Grey Colour by CasaCraft,33,57,1570,741
Madeira Three Seater Sofa in Chestnut Brown Colour by CasaCraft-8.jpg,1600,800,Madeira Three Seater Sofa in Chestnut Brown Colour by CasaCraft,470,26,1170,741
Managua Three Seater Sofa in Red Colour by CasaCraft-2.jpg,1600,800,Managua Three Seater Sofa in Red Colour by CasaCraft,182,9,1421,739
Mamore Three Seater Sofa in Beige Color by CasaCraft-9.jpg,1600,800,Mamore Three Seater Sofa in Beige Color by CasaCraft,49,26,1551,739
Magnum Three Seater Sofa in Black Leatherette by Crystal Furnitech-7.jpg,1600,800,Magnum Three Seater Sofa in Black Leatherette by Crystal Furnitech,7,50,1589,742
Nina Three Seater Sofa in Charcoal Grey Colour by CasaCraft-6.jpg,1600,800,Nina Three Seater Sofa in Charcoal Grey Colour by CasaCraft,26,80,1570,741
Oscar Three Seater Sofa in Beige Colour by CasaCraft-10.jpg,1600,800,Oscar Three Seater Sofa in Beige Colour by CasaCraft,72,34,1528,736
Mamore Three Seater Sofa in Beige Color by CasaCraft-2.jpg,1600,800,Mamore Three Seater Sofa in Beige Color by CasaCraft,61,18,1539,742
Oscar Three Seater Sofa in Garnet Red Colour by CasaCraft-11.jpg,1600,800,Oscar Three Seater Sofa in Garnet Red Colour by CasaCraft,87,1,1597,800
Juan Three Seater Sofa in Ice Blue Colour by CasaCraft-8.jpg,1600,800,Juan Three Seater Sofa in Ice Blue Colour by CasaCraft,79,19,1505,743
Miranda Three Seater Sofa in Chestnut Brown Colour by CasaCraft-1.jpg,1600,800,Miranda Three Seater Sofa in Chestnut Brown Colour by CasaCraft,111,124,1492,737
Miranda Three Seater Sofa in Garnet Red Colour by CasaCraft-7.jpg,1600,800,Miranda Three Seater Sofa in Garnet Red Colour by CasaCraft,30,82,1567,747
Madeira Three Seater Sofa in Beige Colour by CasaCraft-10.jpg,1600,800,Madeira Three Seater Sofa in Beige Colour by CasaCraft,28,50,1569,739
Lara Three Seater Sofa in Chestnut Brown Colour by CasaCraft-6.jpg,1600,800,Lara Three Seater Sofa in Chestnut Brown Colour by CasaCraft,13,47,1593,742
Oscar Three Seater Sofa in Chestnut Brown Colour by CasaCraft-8.jpg,1600,800,Oscar Three Seater Sofa in Chestnut Brown Colour by CasaCraft,433,28,1066,739
Managua Three Seater Sofa in Coyote Colour by CasaCraft-7.jpg,1600,800,Managua Three Seater Sofa in Coyote Colour by CasaCraft,1,24,1600,800
Miranda Three Seater Sofa in Garnet Red Colour by CasaCraft-11.jpg,1600,800,Miranda Three Seater Sofa in Garnet Red Colour by CasaCraft,13,31,1597,800
Nina Three Seater Sofa in Ash Grey Colour by CasaCraft-7.jpg,1600,800,Nina Three Seater Sofa in Ash Grey Colour by CasaCraft,77,21,1525,741
Miranda Three Seater Sofa in Denim Blue Colour by CasaCraft-8.jpg,1600,800,Miranda Three Seater Sofa in Denim Blue Colour by CasaCraft,449,28,1157,739
Parana Three Seater Sofa in Beige Color by CasaCraft-8.jpg,1600,800,Parana Three Seater Sofa in Beige Color by CasaCraft,393,21,1179,749
Lara Three Seater Sofa in Denim Blue Colour by CasaCraft-8.jpg,1600,800,Lara Three Seater Sofa in Denim Blue Colour by CasaCraft,133,8,1457,739
Nina Three Seater Sofa in Ash Grey Colour by CasaCraft-6.jpg,1600,800,Nina Three Seater Sofa in Ash Grey Colour by CasaCraft,30,88,1570,741
Miranda Three Seater Sofa in Charcoal Grey Colour by CasaCraft-9.jpg,1600,800,Miranda Three Seater Sofa in Charcoal Grey Colour by CasaCraft,111,28,1497,741
Poland Three Seater Sofa in Chocolate Brown Colour by Furniture Mind-1.jpg,1600,800,Poland Three Seater Sofa in Chocolate Brown Colour by Furniture Mind,116,128,1449,752
Rio Brilliance Three Seater Sofa in Yellow Colour by Urban Living-7.jpg,1600,800,Rio Brilliance Three Seater Sofa in Yellow Colour by Urban Living,16,288,1590,742
Rio Brilliance Three Seater Sofa in Yellow Colour by Urban Living-6.jpg,1600,800,Rio Brilliance Three Seater Sofa in Yellow Colour by Urban Living,18,11,1572,732
Oscar Three Seater Sofa in Denim Blue Colour by CasaCraft-8.jpg,1600,800,Oscar Three Seater Sofa in Denim Blue Colour by CasaCraft,439,26,1079,744
Miranda Three Seater Sofa in Navy Blue Colour by CasaCraft-7.jpg,1600,800,Miranda Three Seater Sofa in Navy Blue Colour by CasaCraft,30,49,1572,739
Miranda Three Seater Sofa in Garnet Red Colour by CasaCraft-8.jpg,1600,800,Miranda Three Seater Sofa in Garnet Red Colour by CasaCraft,439,32,1161,747
Madeira Three Seater Sofa in Chestnut Brown Colour by CasaCraft-7.jpg,1600,800,Madeira Three Seater Sofa in Chestnut Brown Colour by CasaCraft,28,62,1570,739
Mumbai Glitz Three Seater Sofa in Beige Colour by Urban Living-3.jpg,1600,800,Mumbai Glitz Three Seater Sofa in Beige Colour by Urban Living,652,331,1392,754
Oscar Three Seater Sofa in Ash Grey Colour by CasaCraft-1.jpg,1600,800,Oscar Three Seater Sofa in Ash Grey Colour by CasaCraft,184,129,1393,742
Managua Three Seater Sofa in Coyote Colour by CasaCraft-1.jpg,1600,800,Managua Three Seater Sofa in Coyote Colour by CasaCraft,103,98,1485,742
Parana Three Seater Sofa in Charcoal Grey Color by CasaCraft-7.jpg,1600,800,Parana Three Seater Sofa in Charcoal Grey Color by CasaCraft,26,62,1569,739
Madeira Three Seater Sofa in Navy Blue Colour by CasaCraft-6.jpg,1600,800,Madeira Three Seater Sofa in Navy Blue Colour by CasaCraft,30,31,1577,741
Memphis Monarch Three Seater Sofa in Dark Brown Colour by Urban Living-7.jpg,1600,800,Memphis Monarch Three Seater Sofa in Dark Brown Colour by Urban Living,25,23,1557,739
Lara Three Seater Sofa in Denim Blue Colour by CasaCraft-2.jpg,1600,800,Lara Three Seater Sofa in Denim Blue Colour by CasaCraft,185,3,1430,739
Oscar Three Seater Sofa in Ash Grey Colour by CasaCraft-8.jpg,1600,800,Oscar Three Seater Sofa in Ash Grey Colour by CasaCraft,444,23,1075,742
Oscar Three Seater Sofa in Ash Grey Colour by CasaCraft-11.jpg,1600,800,Oscar Three Seater Sofa in Ash Grey Colour by CasaCraft,3,3,1597,800
Lara Three Seater Sofa in Sandy Brown Colour by CasaCraft-1.jpg,1600,800,Lara Three Seater Sofa in Sandy Brown Colour by CasaCraft,144,119,1444,741
Poland Three Seater Sofa in Chocolate Brown Colour by Furniture Mind-7.jpg,1600,800,Poland Three Seater Sofa in Chocolate Brown Colour by Furniture Mind,13,119,1585,750
Mamore Three Seater Sofa in Beige Color by CasaCraft-6.jpg,1600,800,Mamore Three Seater Sofa in Beige Color by CasaCraft,33,83,1572,739
Mamore Three Seater Sofa in Charcoal Grey Color by CasaCraft-9.jpg,1600,800,Mamore Three Seater Sofa in Charcoal Grey Color by CasaCraft,67,14,1533,741
Lara Three Seater Sofa in Chestnut Brown Colour by CasaCraft-7.jpg,1600,800,Lara Three Seater Sofa in Chestnut Brown Colour by CasaCraft,474,9,1139,747
Miranda Three Seater Sofa in Navy Blue Colour by CasaCraft-10.jpg,1600,800,Miranda Three Seater Sofa in Navy Blue Colour by CasaCraft,28,52,1572,741
Nina Three Seater Sofa in Charcoal Grey Colour by CasaCraft-7.jpg,1600,800,Nina Three Seater Sofa in Charcoal Grey Colour by CasaCraft,113,28,1500,742
Madeira Three Seater Sofa in Sandy Brown Colour by CasaCraft-10.jpg,1600,800,Madeira Three Seater Sofa in Sandy Brown Colour by CasaCraft,30,39,1567,739
Lara Three Seater Sofa in Charcoal Grey Colour by CasaCraft-6.jpg,1600,800,Lara Three Seater Sofa in Charcoal Grey Colour by CasaCraft,64,29,1539,743
Parana Three Seater Sofa in Chestnut Brown Color by CasaCraft-11.jpg,1600,800,Parana Three Seater Sofa in Chestnut Brown Color by CasaCraft,2,3,1587,798
Miranda Three Seater Sofa in Garnet Red Colour by CasaCraft-2.jpg,1600,800,Miranda Three Seater Sofa in Garnet Red Colour by CasaCraft,93,29,1515,741
Rio Brilliance Three Seater Sofa in Yellow Colour by Urban Living-3.jpg,1600,800,Rio Brilliance Three Seater Sofa in Yellow Colour by Urban Living,566,372,1241,737
Poland Three Seater Sofa in Chocolate Brown Colour by Furniture Mind-4.jpg,1600,800,Poland Three Seater Sofa in Chocolate Brown Colour by Furniture Mind,84,33,1515,747
Nina Three Seater Sofa in Charcoal Grey Colour by CasaCraft-2.jpg,1600,800,Nina Three Seater Sofa in Charcoal Grey Colour by CasaCraft,121,29,1482,741
Madeira Three Seater Sofa in Beige Colour by CasaCraft-9.jpg,1600,800,Madeira Three Seater Sofa in Beige Colour by CasaCraft,138,36,1451,741
Madeira Three Seater Sofa in Charcoal Grey Colour by CasaCraft-10.jpg,1600,800,Madeira Three Seater Sofa in Charcoal Grey Colour by CasaCraft,26,44,1564,739
Mamore Three Seater Sofa in Charcoal Grey Color by CasaCraft-8.jpg,1600,800,Mamore Three Seater Sofa in Charcoal Grey Color by CasaCraft,405,19,1216,744
Oscar Three Seater Sofa in Chestnut Brown Colour by CasaCraft-11.jpg,1600,800,Oscar Three Seater Sofa in Chestnut Brown Colour by CasaCraft,2,1,1253,800
Northwest Three Seater Sofa by Looking Good Furniture-1.jpg,1600,800,Northwest Three Seater Sofa by Looking Good Furniture,98,141,1448,737
Maurya Handcrafted Three Seater Sofa in Provincial Teak Finish by Mudramark-9.jpg,1600,800,Maurya Handcrafted Three Seater Sofa in Provincial Teak Finish by Mudramark,1,1,1592,800
Managua Three Seater Sofa in Blue Colour by CasaCraft-5.jpg,1600,800,Managua Three Seater Sofa in Blue Colour by CasaCraft,23,21,1574,739
New Ciara Three Seater Sofa in Dual Tone by Crystal Furnitech-2.jpg,1600,800,New Ciara Three Seater Sofa in Dual Tone by Crystal Furnitech,203,11,1459,739
Miranda Three Seater Sofa in Chestnut Brown Colour by CasaCraft-2.jpg,1600,800,Miranda Three Seater Sofa in Chestnut Brown Colour by CasaCraft,74,23,1530,741
Magnum Three Seater Sofa in Black Leatherette by Crystal Furnitech-6.jpg,1600,800,Magnum Three Seater Sofa in Black Leatherette by Crystal Furnitech,136,18,1400,744
Poland Three Seater Sofa in Chocolate Brown Colour by Furniture Mind-2.jpg,1600,800,Poland Three Seater Sofa in Chocolate Brown Colour by Furniture Mind,205,114,1441,752
Parana Three Seater Sofa in Beige Color by CasaCraft-6.jpg,1600,800,Parana Three Seater Sofa in Beige Color by CasaCraft,20,44,1574,741
Mamore Three Seater Sofa in Chestnut Brown Color by CasaCraft-1.jpg,1600,800,Mamore Three Seater Sofa in Chestnut Brown Color by CasaCraft,121,159,1482,741
Oscar Three Seater Sofa in Denim Blue Colour by CasaCraft-6.jpg,1600,800,Oscar Three Seater Sofa in Denim Blue Colour by CasaCraft,89,31,1516,742
Mumbai Glitz Three Seater Sofa in Beige Colour by Urban Living-2.jpg,1600,800,Mumbai Glitz Three Seater Sofa in Beige Colour by Urban Living,189,6,1433,737
Parana Three Seater Sofa in Charcoal Grey Color by CasaCraft-9.jpg,1600,800,Parana Three Seater Sofa in Charcoal Grey Color by CasaCraft,95,26,1502,741
Madeira Three Seater Sofa in Navy Blue Colour by CasaCraft-9.jpg,1600,800,Madeira Three Seater Sofa in Navy Blue Colour by CasaCraft,107,34,1416,742
Lara Three Seater Sofa in Charcoal Grey Colour by CasaCraft-10.jpg,1600,800,Lara Three Seater Sofa in Charcoal Grey Colour by CasaCraft,1,2,1420,800
Madeira Three Seater Sofa in Sandy Brown Colour by CasaCraft-6.jpg,1600,800,Madeira Three Seater Sofa in Sandy Brown Colour by CasaCraft,30,50,1566,741
Miranda Three Seater Sofa in Charcoal Grey Colour by CasaCraft-10.jpg,1600,800,Miranda Three Seater Sofa in Charcoal Grey Colour by CasaCraft,26,49,1570,742
Oscar Three Seater Sofa in Beige Colour by CasaCraft-7.jpg,1600,800,Oscar Three Seater Sofa in Beige Colour by CasaCraft,103,32,1503,741
Maurya Handcrafted Three Seater Sofa in Honey Oak Finish by Mudramark-5.jpg,1600,800,Maurya Handcrafted Three Seater Sofa in Honey Oak Finish by Mudramark,110,6,1518,739
Oscar Three Seater Sofa in Garnet Red Colour by CasaCraft-10.jpg,1600,800,Oscar Three Seater Sofa in Garnet Red Colour by CasaCraft,84,34,1510,737
Oscar Three Seater Sofa in Sandy Brown Colour by CasaCraft-2.jpg,1600,800,Oscar Three Seater Sofa in Sandy Brown Colour by CasaCraft,170,26,1408,744
Managua Three Seater Sofa in Blue Colour by CasaCraft-6.jpg,1600,800,Managua Three Seater Sofa in Blue Colour by CasaCraft,464,1,1146,741
Parana Three Seater Sofa in Chestnut Brown Color by CasaCraft-1.jpg,1600,800,Parana Three Seater Sofa in Chestnut Brown Color by CasaCraft,115,144,1497,741
Juan Three Seater Sofa in Ice Blue Colour by CasaCraft-9.jpg,1600,800,Juan Three Seater Sofa in Ice Blue Colour by CasaCraft,59,21,1543,746
Managua Three Seater Sofa in Red Colour by CasaCraft-8.jpg,1600,800,Managua Three Seater Sofa in Red Colour by CasaCraft,2,3,1600,797
Oscar Three Seater Sofa in Garnet Red Colour by CasaCraft-8.jpg,1600,800,Oscar Three Seater Sofa in Garnet Red Colour by CasaCraft,472,29,1092,742
Parana Three Seater Sofa in Beige Color by CasaCraft-2.jpg,1600,800,Parana Three Seater Sofa in Beige Color by CasaCraft,111,32,1497,739
Oscar Three Seater Sofa in Navy Blue Colour by CasaCraft-2.jpg,1600,800,Oscar Three Seater Sofa in Navy Blue Colour by CasaCraft,157,26,1438,742
Lara Three Seater Sofa in Ash Grey Colour by CasaCraft-9.jpg,1600,800,Lara Three Seater Sofa in Ash Grey Colour by CasaCraft,43,23,1564,739
Miranda Three Seater Sofa in Chestnut Brown Colour by CasaCraft-11.jpg,1600,800,Miranda Three Seater Sofa in Chestnut Brown Colour by CasaCraft,5,3,1598,800
Lara Three Seater Sofa in Charcoal Grey Colour by CasaCraft-9.jpg,1600,800,Lara Three Seater Sofa in Charcoal Grey Colour by CasaCraft,66,31,1523,742
New Ciara Three Seater Sofa in Dual Tone by Crystal Furnitech-6.jpg,1600,800,New Ciara Three Seater Sofa in Dual Tone by Crystal Furnitech,469,11,1154,742
Madeira Three Seater Sofa in Chestnut Brown Colour by CasaCraft-6.jpg,1600,800,Madeira Three Seater Sofa in Chestnut Brown Colour by CasaCraft,30,67,1570,741
Maurya Handcrafted Three Seater Sofa in Provincial Teak Finish by Mudramark-7.jpg,1600,800,Maurya Handcrafted Three Seater Sofa in Provincial Teak Finish by Mudramark,5,5,1595,732
Oscar Three Seater Sofa in Chestnut Brown Colour by CasaCraft-12.jpg,1600,800,Oscar Three Seater Sofa in Chestnut Brown Colour by CasaCraft,1,1,1448,778
Oscar Three Seater Sofa in Chestnut Brown Colour by CasaCraft-2.jpg,1600,800,Oscar Three Seater Sofa in Chestnut Brown Colour by CasaCraft,167,32,1420,741
Oscar Three Seater Sofa in Denim Blue Colour by CasaCraft-1.jpg,1600,800,Oscar Three Seater Sofa in Denim Blue Colour by CasaCraft,190,134,1403,741
Managua Three Seater Sofa in Coyote Colour by CasaCraft-6.jpg,1600,800,Managua Three Seater Sofa in Coyote Colour by CasaCraft,157,6,1407,746
Miranda Three Seater Sofa in Sandy Brown Colour by CasaCraft-11.jpg,1600,800,Miranda Three Seater Sofa in Sandy Brown Colour by CasaCraft,5,1,1412,800
Miranda Three Seater Sofa in Chestnut Brown Colour by CasaCraft-6.jpg,1600,800,Miranda Three Seater Sofa in Chestnut Brown Colour by CasaCraft,28,75,1569,739
Miranda Three Seater Sofa in Charcoal Grey Colour by CasaCraft-7.jpg,1600,800,Miranda Three Seater Sofa in Charcoal Grey Colour by CasaCraft,34,57,1570,741
Parana Three Seater Sofa in Chestnut Brown Color by CasaCraft-2.jpg,1600,800,Parana Three Seater Sofa in Chestnut Brown Color by CasaCraft,85,36,1511,741
Poland Three Seater Sofa in Chocolate Brown Colour by Furniture Mind-5.jpg,1600,800,Poland Three Seater Sofa in Chocolate Brown Colour by Furniture Mind,269,16,1331,746
Oscar Three Seater Sofa in Navy Blue Colour by CasaCraft-6.jpg,1600,800,Oscar Three Seater Sofa in Navy Blue Colour by CasaCraft,97,26,1500,741
Madeira Three Seater Sofa in Navy Blue Colour by CasaCraft-7.jpg,1600,800,Madeira Three Seater Sofa in Navy Blue Colour by CasaCraft,30,47,1569,742
Oscar Three Seater Sofa in Denim Blue Colour by CasaCraft-2.jpg,1600,800,Oscar Three Seater Sofa in Denim Blue Colour by CasaCraft,164,21,1421,741
Lara Three Seater Sofa in Ash Grey Colour by CasaCraft-7.jpg,1600,800,Lara Three Seater Sofa in Ash Grey Colour by CasaCraft,502,24,1128,742
Miranda Three Seater Sofa in Chestnut Brown Colour by CasaCraft-8.jpg,1600,800,Miranda Three Seater Sofa in Chestnut Brown Colour by CasaCraft,438,29,1141,741
Oscar Three Seater Sofa in Charcoal Grey Colour by CasaCraft-1.jpg,1600,800,Oscar Three Seater Sofa in Charcoal Grey Colour by CasaCraft,195,131,1410,739
Memphis Monarch Three Seater Sofa in Dark Brown Colour by Urban Living-6.jpg,1600,800,Memphis Monarch Three Seater Sofa in Dark Brown Colour by Urban Living,157,8,1444,764
Managua Three Seater Sofa in Coyote Colour by CasaCraft-5.jpg,1600,800,Managua Three Seater Sofa in Coyote Colour by CasaCraft,141,11,1470,747
Lara Three Seater Sofa in Beige Colour by CasaCraft-6.jpg,1600,800,Lara Three Seater Sofa in Beige Colour by CasaCraft,32,34,1571,741
Lara Three Seater Sofa in Beige Colour by CasaCraft-6.jpg,1600,800,Lara Three Seater Sofa in Beige Colour by CasaCraft,520,330,520,330
Maurya Handcrafted Three Seater Sofa in Provincial Teak Finish by Mudramark-6.jpg,1600,800,Maurya Handcrafted Three Seater Sofa in Provincial Teak Finish by Mudramark,511,1,1061,737
Mamore Three Seater Sofa in Chestnut Brown Color by CasaCraft-9.jpg,1600,800,Mamore Three Seater Sofa in Chestnut Brown Color by CasaCraft,39,21,1559,744
Magnum Three Seater Sofa in Black Leatherette by Crystal Furnitech-8.jpg,1600,800,Magnum Three Seater Sofa in Black Leatherette by Crystal Furnitech,2,1,1600,796
Oscar Three Seater Sofa in Garnet Red Colour by CasaCraft-1.jpg,1600,800,Oscar Three Seater Sofa in Garnet Red Colour by CasaCraft,177,129,1416,741
Madeira Three Seater Sofa in Chestnut Brown Colour by CasaCraft-9.jpg,1600,800,Madeira Three Seater Sofa in Chestnut Brown Colour by CasaCraft,131,28,1461,742
Miranda Three Seater Sofa in Chestnut Brown Colour by CasaCraft-10.jpg,1600,800,Miranda Three Seater Sofa in Chestnut Brown Colour by CasaCraft,26,72,1567,739
Madeira Three Seater Sofa in Navy Blue Colour by CasaCraft-10.jpg,1600,800,Madeira Three Seater Sofa in Navy Blue Colour by CasaCraft,31,34,1566,741
Parana Three Seater Sofa in Charcoal Grey Color by CasaCraft-6.jpg,1600,800,Parana Three Seater Sofa in Charcoal Grey Color by CasaCraft,25,31,1569,742
Miranda Three Seater Sofa in Sandy Brown Colour by CasaCraft-8.jpg,1600,800,Miranda Three Seater Sofa in Sandy Brown Colour by CasaCraft,439,23,1134,742
Maurya Handcrafted Three Seater Sofa in Honey Oak Finish by Mudramark-1.jpg,1600,800,Maurya Handcrafted Three Seater Sofa in Honey Oak Finish by Mudramark,203,159,1482,746
Oscar Three Seater Sofa in Charcoal Grey Colour by CasaCraft-11.jpg,1600,800,Oscar Three Seater Sofa in Charcoal Grey Colour by CasaCraft,1,14,1590,800
Miranda Three Seater Sofa in Garnet Red Colour by CasaCraft-1.jpg,1600,800,Miranda Three Seater Sofa in Garnet Red Colour by CasaCraft,92,134,1480,744
Juan Three Seater Sofa in Ice Blue Colour by CasaCraft-7.jpg,1600,800,Juan Three Seater Sofa in Ice Blue Colour by CasaCraft,432,29,1144,739
Oscar Three Seater Sofa in Navy Blue Colour by CasaCraft-10.jpg,1600,800,Oscar Three Seater Sofa in Navy Blue Colour by CasaCraft,77,29,1511,741
Mumbai Glitz Three Seater Sofa in Beige Colour by Urban Living-5.jpg,1600,800,Mumbai Glitz Three Seater Sofa in Beige Colour by Urban Living,477,5,1143,737
Miranda Three Seater Sofa in Chestnut Brown Colour by CasaCraft-7.jpg,1600,800,Miranda Three Seater Sofa in Chestnut Brown Colour by CasaCraft,26,70,1570,739
Magnum Three Seater Sofa in Black Leatherette by Crystal Furnitech-5.jpg,1600,800,Magnum Three Seater Sofa in Black Leatherette by Crystal Furnitech,430,6,1174,741
Oscar Three Seater Sofa in Navy Blue Colour by CasaCraft-9.jpg,1600,800,Oscar Three Seater Sofa in Navy Blue Colour by CasaCraft,144,28,1430,744
Lara Three Seater Sofa in Sandy Brown Colour by CasaCraft-2.jpg,1600,800,Lara Three Seater Sofa in Sandy Brown Colour by CasaCraft,146,14,1439,744
Parana Three Seater Sofa in Chestnut Brown Color by CasaCraft-10.jpg,1600,800,Parana Three Seater Sofa in Chestnut Brown Color by CasaCraft,30,72,1566,744
Parana Three Seater Sofa in Beige Color by CasaCraft-9.jpg,1600,800,Parana Three Seater Sofa in Beige Color by CasaCraft,149,29,1444,739
Maurya Handcrafted Three Seater Sofa in Honey Oak Finish by Mudramark-7.jpg,1600,800,Maurya Handcrafted Three Seater Sofa in Honey Oak Finish by Mudramark,7,13,1587,742
Managua Three Seater Sofa in Blue Colour by CasaCraft-8.jpg,1600,800,Managua Three Seater Sofa in Blue Colour by CasaCraft,2,1,1597,800
Memphis Monarch Three Seater Sofa in Dark Brown Colour by Urban Living-2.jpg,1600,800,Memphis Monarch Three Seater Sofa in Dark Brown Colour by Urban Living,192,18,1434,731
Madeira Three Seater Sofa in Sandy Brown Colour by CasaCraft-9.jpg,1600,800,Madeira Three Seater Sofa in Sandy Brown Colour by CasaCraft,110,28,1477,739
Mamore Three Seater Sofa in Chestnut Brown Color by CasaCraft-2.jpg,1600,800,Mamore Three Seater Sofa in Chestnut Brown Color by CasaCraft,34,28,1567,741
Oscar Three Seater Sofa in Sandy Brown Colour by CasaCraft-6.jpg,1600,800,Oscar Three Seater Sofa in Sandy Brown Colour by CasaCraft,85,24,1511,739
Miranda Three Seater Sofa in Sandy Brown Colour by CasaCraft-1.jpg,1600,800,Miranda Three Seater Sofa in Sandy Brown Colour by CasaCraft,115,124,1479,736
Maurya Handcrafted Three Seater Sofa in Provincial Teak Finish by Mudramark-2.jpg,1600,800,Maurya Handcrafted Three Seater Sofa in Provincial Teak Finish by Mudramark,292,119,1316,707
Oscar Three Seater Sofa in Denim Blue Colour by CasaCraft-7.jpg,1600,800,Oscar Three Seater Sofa in Denim Blue Colour by CasaCraft,80,34,1511,742
Mamore Three Seater Sofa in Charcoal Grey Color by CasaCraft-10.jpg,1600,800,Mamore Three Seater Sofa in Charcoal Grey Color by CasaCraft,31,100,1570,737
Memphis Monarch Three Seater Sofa in Dark Brown Colour by Urban Living-4.jpg,1600,800,Memphis Monarch Three Seater Sofa in Dark Brown Colour by Urban Living,26,36,1584,734
Madeira Three Seater Sofa in Navy Blue Colour by CasaCraft-11.jpg,1600,800,Madeira Three Seater Sofa in Navy Blue Colour by CasaCraft,1,1,1595,800
Lara Three Seater Sofa in Beige Colour by CasaCraft-8.jpg,1600,800,Lara Three Seater Sofa in Beige Colour by CasaCraft,134,23,1452,739
Lara Three Seater Sofa in Sandy Brown Colour by CasaCraft-9.jpg,1600,800,Lara Three Seater Sofa in Sandy Brown Colour by CasaCraft,48,23,1549,747
Rio Brilliance Three Seater Sofa in Yellow Colour by Urban Living-5.jpg,1600,800,Rio Brilliance Three Seater Sofa in Yellow Colour by Urban Living,443,5,1143,739
Miranda Three Seater Sofa in Charcoal Grey Colour by CasaCraft-12.jpg,1600,800,Miranda Three Seater Sofa in Charcoal Grey Colour by CasaCraft,1,1,1597,747
Oscar Three Seater Sofa in Ash Grey Colour by CasaCraft-10.jpg,1600,800,Oscar Three Seater Sofa in Ash Grey Colour by CasaCraft,57,21,1533,744
Managua Three Seater Sofa in Blue Colour by CasaCraft-9.jpg,1600,800,Managua Three Seater Sofa in Blue Colour by CasaCraft,1,1,1323,744
Maurya Handcrafted Three Seater Sofa in Provincial Teak Finish by Mudramark-1.jpg,1600,800,Maurya Handcrafted Three Seater Sofa in Provincial Teak Finish by Mudramark,193,123,1462,734
Miranda Three Seater Sofa in Garnet Red Colour by CasaCraft-9.jpg,1600,800,Miranda Three Seater Sofa in Garnet Red Colour by CasaCraft,80,32,1523,744
Mumbai Glitz Three Seater Sofa in Beige Colour by Urban Living-6.jpg,1600,800,Mumbai Glitz Three Seater Sofa in Beige Colour by Urban Living,18,14,1572,739
Managua Three Seater Sofa in Blue Colour by CasaCraft-7.jpg,1600,800,Managua Three Seater Sofa in Blue Colour by CasaCraft,34,11,1569,739
Miranda Three Seater Sofa in Navy Blue Colour by CasaCraft-2.jpg,1600,800,Miranda Three Seater Sofa in Navy Blue Colour by CasaCraft,97,34,1508,741
Oscar Three Seater Sofa in Garnet Red Colour by CasaCraft-7.jpg,1600,800,Oscar Three Seater Sofa in Garnet Red Colour by CasaCraft,74,29,1523,749
Lara Three Seater Sofa in Chestnut Brown Colour by CasaCraft-9.jpg,1600,800,Lara Three Seater Sofa in Chestnut Brown Colour by CasaCraft,10,36,1592,744
Oscar Three Seater Sofa in Beige Colour by CasaCraft-1.jpg,1600,800,Oscar Three Seater Sofa in Beige Colour by CasaCraft,182,111,1425,744
Madeira Three Seater Sofa in Beige Colour by CasaCraft-8.jpg,1600,800,Madeira Three Seater Sofa in Beige Colour by CasaCraft,423,31,1126,741
Oscar Three Seater Sofa in Sandy Brown Colour by CasaCraft-10.jpg,1600,800,Oscar Three Seater Sofa in Sandy Brown Colour by CasaCraft,56,31,1534,742
Oscar Three Seater Sofa in Navy Blue Colour by CasaCraft-1.jpg,1600,800,Oscar Three Seater Sofa in Navy Blue Colour by CasaCraft,190,134,1407,742
Miranda Three Seater Sofa in Navy Blue Colour by CasaCraft-8.jpg,1600,800,Miranda Three Seater Sofa in Navy Blue Colour by CasaCraft,457,29,1139,742
Juan Three Seater Sofa in Ice Blue Colour by CasaCraft-6.jpg,1600,800,Juan Three Seater Sofa in Ice Blue Colour by CasaCraft,28,28,1566,745
Miranda Three Seater Sofa in Sandy Brown Colour by CasaCraft-9.jpg,1600,800,Miranda Three Seater Sofa in Sandy Brown Colour by CasaCraft,107,29,1469,742
Managua Three Seater Sofa in Red Colour by CasaCraft-7.jpg,1600,800,Managua Three Seater Sofa in Red Colour by CasaCraft,38,18,1566,741
Lara Three Seater Sofa in Ash Grey Colour by CasaCraft-6.jpg,1600,800,Lara Three Seater Sofa in Ash Grey Colour by CasaCraft,30,28,1580,741
Oscar Three Seater Sofa in Chestnut Brown Colour by CasaCraft-7.jpg,1600,800,Oscar Three Seater Sofa in Chestnut Brown Colour by CasaCraft,67,36,1508,739
Mamore Three Seater Sofa in Beige Color by CasaCraft-7.jpg,1600,800,Mamore Three Seater Sofa in Beige Color by CasaCraft,34,88,1570,739
Lara Three Seater Sofa in Beige Colour by CasaCraft-9.jpg,1600,800,Lara Three Seater Sofa in Beige Colour by CasaCraft,48,23,1554,741
Oscar Three Seater Sofa in Chestnut Brown Colour by CasaCraft-1.jpg,1600,800,Oscar Three Seater Sofa in Chestnut Brown Colour by CasaCraft,195,131,1410,741
Managua Three Seater Sofa in Red Colour by CasaCraft-6.jpg,1600,800,Managua Three Seater Sofa in Red Colour by CasaCraft,479,11,1148,741
Madeira Three Seater Sofa in Charcoal Grey Colour by CasaCraft-6.jpg,1600,800,Madeira Three Seater Sofa in Charcoal Grey Colour by CasaCraft,28,54,1567,739
Parana Three Seater Sofa in Chestnut Brown Color by CasaCraft-8.jpg,1600,800,Parana Three Seater Sofa in Chestnut Brown Color by CasaCraft,403,18,1195,741
Oscar Three Seater Sofa in Beige Colour by CasaCraft-11.jpg,1600,800,Oscar Three Seater Sofa in Beige Colour by CasaCraft,13,3,1453,800
Maurya Handcrafted Three Seater Sofa in Honey Oak Finish by Mudramark-2.jpg,1600,800,Maurya Handcrafted Three Seater Sofa in Honey Oak Finish by Mudramark,270,124,1338,713
Maurya Handcrafted Three Seater Sofa in Honey Oak Finish by Mudramark-6.jpg,1600,800,Maurya Handcrafted Three Seater Sofa in Honey Oak Finish by Mudramark,531,3,1125,739
Oscar Three Seater Sofa in Beige Colour by CasaCraft-6.jpg,1600,800,Oscar Three Seater Sofa in Beige Colour by CasaCraft,87,29,1516,741
Oscar Three Seater Sofa in Ash Grey Colour by CasaCraft-9.jpg,1600,800,Oscar Three Seater Sofa in Ash Grey Colour by CasaCraft,189,29,1395,737
Oscar Three Seater Sofa in Charcoal Grey Colour by CasaCraft-8.jpg,1600,800,Oscar Three Seater Sofa in Charcoal Grey Colour by CasaCraft,456,31,1082,741
Parana Three Seater Sofa in Chestnut Brown Color by CasaCraft-9.jpg,1600,800,Parana Three Seater Sofa in Chestnut Brown Color by CasaCraft,93,19,1511,741
Nina Three Seater Sofa in Ash Grey Colour by CasaCraft-1.jpg,1600,800,Nina Three Seater Sofa in Ash Grey Colour by CasaCraft,97,147,1502,741
Miranda Three Seater Sofa in Charcoal Grey Colour by CasaCraft-8.jpg,1600,800,Miranda Three Seater Sofa in Charcoal Grey Colour by CasaCraft,469,24,1166,742
Managua Three Seater Sofa in Red Colour by CasaCraft-9.jpg,1600,800,Managua Three Seater Sofa in Red Colour by CasaCraft,1,1,1372,782
Oscar Three Seater Sofa in Charcoal Grey Colour by CasaCraft-7.jpg,1600,800,Oscar Three Seater Sofa in Charcoal Grey Colour by CasaCraft,102,28,1492,741
Madeira Three Seater Sofa in Navy Blue Colour by CasaCraft-8.jpg,1600,800,Madeira Three Seater Sofa in Navy Blue Colour by CasaCraft,431,24,1126,739
Oscar Three Seater Sofa in Ash Grey Colour by CasaCraft-7.jpg,1600,800,Oscar Three Seater Sofa in Ash Grey Colour by CasaCraft,92,31,1502,741
New Ciara Three Seater Sofa in Dual Tone by Crystal Furnitech-1.jpg,1600,800,New Ciara Three Seater Sofa in Dual Tone by Crystal Furnitech,93,131,1475,747
Miranda Three Seater Sofa in Sandy Brown Colour by CasaCraft-12.jpg,1600,800,Miranda Three Seater Sofa in Sandy Brown Colour by CasaCraft,1,3,1538,741
Parana Three Seater Sofa in Charcoal Grey Color by CasaCraft-8.jpg,1600,800,Parana Three Seater Sofa in Charcoal Grey Color by CasaCraft,443,23,1215,742
Lara Three Seater Sofa in Denim Blue Colour by CasaCraft-7.jpg,1600,800,Lara Three Seater Sofa in Denim Blue Colour by CasaCraft,485,9,1144,739
Lara Three Seater Sofa in Beige Colour by CasaCraft-2.jpg,1600,800,Lara Three Seater Sofa in Beige Colour by CasaCraft,151,24,1452,742
Magnum Three Seater Sofa in Black Leatherette by Crystal Furnitech-4.jpg,1600,800,Magnum Three Seater Sofa in Black Leatherette by Crystal Furnitech,13,69,1587,732
Poland Three Seater Sofa in Chocolate Brown Colour by Furniture Mind-3.jpg,1600,800,Poland Three Seater Sofa in Chocolate Brown Colour by Furniture Mind,600,311,1231,742
Lara Three Seater Sofa in Ash Grey Colour by CasaCraft-8.jpg,1600,800,Lara Three Seater Sofa in Ash Grey Colour by CasaCraft,115,31,1439,741
Miranda Three Seater Sofa in Beige Colour by CasaCraft-9.jpg,1600,800,Miranda Three Seater Sofa in Beige Colour by CasaCraft,33,62,1566,741
New Ciara Three Seater Sofa in Dual Tone by Crystal Furnitech-5.jpg,1600,800,New Ciara Three Seater Sofa in Dual Tone by Crystal Furnitech,413,13,1220,739
Mamore Three Seater Sofa in Beige Color by CasaCraft-8.jpg,1600,800,Mamore Three Seater Sofa in Beige Color by CasaCraft,446,26,1190,741
Miranda Three Seater Sofa in Denim Blue Colour by CasaCraft-9.jpg,1600,800,Miranda Three Seater Sofa in Denim Blue Colour by CasaCraft,92,26,1510,741
Miranda Three Seater Sofa in Denim Blue Colour by CasaCraft-2.jpg,1600,800,Miranda Three Seater Sofa in Denim Blue Colour by CasaCraft,87,29,1513,742
Oscar Three Seater Sofa in Sandy Brown Colour by CasaCraft-7.jpg,1600,800,Oscar Three Seater Sofa in Sandy Brown Colour by CasaCraft,82,26,1515,739
Miranda Three Seater Sofa in Sandy Brown Colour by CasaCraft-6.jpg,1600,800,Miranda Three Seater Sofa in Sandy Brown Colour by CasaCraft,36,57,1566,739
Madeira Three Seater Sofa in Chestnut Brown Colour by CasaCraft-10.jpg,1600,800,Madeira Three Seater Sofa in Chestnut Brown Colour by CasaCraft,28,39,1570,737
Miranda Three Seater Sofa in Chestnut Brown Colour by CasaCraft-9.jpg,1600,800,Miranda Three Seater Sofa in Chestnut Brown Colour by CasaCraft,70,24,1530,742
Mumbai Glitz Three Seater Sofa in Beige Colour by Urban Living-4.jpg,1600,800,Mumbai Glitz Three Seater Sofa in Beige Colour by Urban Living,30,23,1564,742
Lara Three Seater Sofa in Charcoal Grey Colour by CasaCraft-7.jpg,1600,800,Lara Three Seater Sofa in Charcoal Grey Colour by CasaCraft,505,26,1107,742
Oscar Three Seater Sofa in Denim Blue Colour by CasaCraft-11.jpg,1600,800,Oscar Three Seater Sofa in Denim Blue Colour by CasaCraft,1,1,1264,798
Miranda Three Seater Sofa in Denim Blue Colour by CasaCraft-10.jpg,1600,800,Miranda Three Seater Sofa in Denim Blue Colour by CasaCraft,28,55,1567,741
Oscar Three Seater Sofa in Garnet Red Colour by CasaCraft-6.jpg,1600,800,Oscar Three Seater Sofa in Garnet Red Colour by CasaCraft,77,28,1515,737
Miranda Three Seater Sofa in Garnet Red Colour by CasaCraft-10.jpg,1600,800,Miranda Three Seater Sofa in Garnet Red Colour by CasaCraft,25,67,1575,744
Oscar Three Seater Sofa in Chestnut Brown Colour by CasaCraft-9.jpg,1600,800,Oscar Three Seater Sofa in Chestnut Brown Colour by CasaCraft,192,31,1390,741
Maurya Handcrafted Three Seater Sofa in Honey Oak Finish by Mudramark-9.jpg,1600,800,Maurya Handcrafted Three Seater Sofa in Honey Oak Finish by Mudramark,1,1,1600,800
Miranda Three Seater Sofa in Beige Colour by CasaCraft-6.jpg,1600,800,Miranda Three Seater Sofa in Beige Colour by CasaCraft,26,65,1570,739
New Ciara Three Seater Sofa in Dual Tone by Crystal Furnitech-7.jpg,1600,800,New Ciara Three Seater Sofa in Dual Tone by Crystal Furnitech,21,14,1580,734
Miranda Three Seater Sofa in Beige Colour by CasaCraft-2.jpg,1600,800,Miranda Three Seater Sofa in Beige Colour by CasaCraft,85,28,1528,739
Miranda Three Seater Sofa in Navy Blue Colour by CasaCraft-9.jpg,1600,800,Miranda Three Seater Sofa in Navy Blue Colour by CasaCraft,110,32,1489,742
Madeira Three Seater Sofa in Beige Colour by CasaCraft-6.jpg,1600,800,Madeira Three Seater Sofa in Beige Colour by CasaCraft,26,49,1567,741
Miranda Three Seater Sofa in Beige Colour by CasaCraft-8.jpg,1600,800,Miranda Three Seater Sofa in Beige Colour by CasaCraft,102,23,1498,742
Lara Three Seater Sofa in Denim Blue Colour by CasaCraft-1.jpg,1600,800,Lara Three Seater Sofa in Denim Blue Colour by CasaCraft,62,49,1543,741
Madeira Three Seater Sofa in Charcoal Grey Colour by CasaCraft-8.jpg,1600,800,Madeira Three Seater Sofa in Charcoal Grey Colour by CasaCraft,441,26,1139,741
Memphis Monarch Three Seater Sofa in Dark Brown Colour by Urban Living-5.jpg,1600,800,Memphis Monarch Three Seater Sofa in Dark Brown Colour by Urban Living,407,13,1146,734
Lara Three Seater Sofa in Ash Grey Colour by CasaCraft-1.jpg,1600,800,Lara Three Seater Sofa in Ash Grey Colour by CasaCraft,66,50,1545,743
Madeira Three Seater Sofa in Beige Colour by CasaCraft-7.jpg,1600,800,Madeira Three Seater Sofa in Beige Colour by CasaCraft,33,49,1559,741
Maurya Handcrafted Three Seater Sofa in Provincial Teak Finish by Mudramark-10.jpg,1600,800,Maurya Handcrafted Three Seater Sofa in Provincial Teak Finish by Mudramark,1,3,1594,800
