Name,Price,Brand,Color,Primary_material,Primary_Category,Category,Subcategory,Subsubcategory
Lara Three Seater Sofa in Navy Blue Colour by CasaCraft,27999,CasaCraft,,Fabric,Home, Furniture, Sofas & Loungers, Sofas
Silvia Three Seater Sofa in Red Colour by CasaCraft,24999,CasaCraft,,Fabric,Home, Furniture, Sofas & Loungers, Sofas
Valencia Three Seater Sofa in Light Grey Colour by CasaCraft,36999,CasaCraft,,Fabric,Home, Furniture, Sofas & Loungers, Sofas
Lara Three Seater Sofa in Sandy Brown Colour by CasaCraft,27999,CasaCraft,,Fabric,Home, Furniture, Sofas & Loungers, Sofas
Havana Three Seater Sofa in Dark Brown Colour by CasaCraft,31999,CasaCraft,,Fabric,Home, Furniture, Sofas & Loungers, Sofas
Valencia Three Seater Sofa in Ocean Blue Colour by CasaCraft,36999,CasaCraft,,Fabric,Home, Furniture, Sofas & Loungers, Sofas
Managua Three Seater Sofa in Blue Colour by CasaCraft,26999,CasaCraft,,Fabric,Home, Furniture, Sofas & Loungers, Sofa Sets
Fuego Three Seater Sofa in Beige Colour by CasaCraft,25999,CasaCraft,,Fabric,Home, Furniture, Sofas & Loungers, Sofas
Gloria Three Seater Sofa with Ottoman in Grey Colour by CasaCraft,35999,CasaCraft,,Fabric,Home, Furniture, Sofas & Loungers, Sofas
Valencia Three Seater Sofa in Cedar Brown Colour by CasaCraft,36999,CasaCraft,,Fabric,Home, Furniture, Sofas & Loungers, Sofas
Santiago Three Seater Sofa in Chestnut Brown Colour by CasaCraft,33999,CasaCraft,,Fabric,Home, Furniture, Sofas & Loungers, Sofas
Castello Three Seater Sofa in Chocolate Brown Colour by CasaCraft,21999,CasaCraft,,Fabric,Home, Furniture, Sofas & Loungers, Sofas
Gloria Three Seater Sofa with Ottoman in Blue Colour by CasaCraft,35999,CasaCraft,,Fabric,Home, Furniture, Sofas & Loungers, Sofas
Havana Three Seater Sofa in Ecru Colour by CasaCraft,31999,CasaCraft,,Fabric,Home, Furniture, Sofas & Loungers, Sofas
Alba Three Seater Sofa in Beige Colour by CasaCraft,19999,CasaCraft,,Fabric,Home, Furniture, Sofas & Loungers, Sofas
Fuego Three Seater Sofa in Charcoal Grey Colour by CasaCraft,25999,CasaCraft,,Fabric,Home, Furniture, Sofas & Loungers, Sofas
Alfredo Three Seater Sofa in Beige Colour by CasaCraft,24999,CasaCraft,,Fabric,Home, Furniture, Sofas & Loungers, Sofas
Frida Three Seater Sofa in Grey Multi Colour by CasaCraft,24999,CasaCraft,,Fabric,Home, Furniture, Sofas & Loungers, Sofas
Managua Three Seater Sofa in Coyote Colour by CasaCraft,26999,CasaCraft,,Fabric,Home, Furniture, Sofas & Loungers, Sofa Sets
Valencia Three Seater Sofa in Deep Sangria Colour by CasaCraft,36999,CasaCraft,,Fabric,Home, Furniture, Sofas & Loungers, Sofas
Lara Three Seater Sofa in Chestnut Brown Colour by CasaCraft,27999,CasaCraft,,Fabric,Home, Furniture, Sofas & Loungers, Sofas
Belem Three Seater Sofa in Ice Blue Color by CasaCraft,23999,CasaCraft,,Fabric,Home, Furniture, Sofas & Loungers, Sofas
Madeira Three Seater Sofa in Sandy Brown Colour by CasaCraft,34999,CasaCraft,,Fabric,Home, Furniture, Sofas & Loungers, Sofas
Hugo Three Seater Sofa in Chestnut Brown Colour by CasaCraft,33999,CasaCraft,,Fabric,Home, Furniture, Sofas & Loungers, Sofas
Alfredo Three Seater Sofa in Sandy Brown Colour by CasaCraft,24999,CasaCraft,,Fabric,Home, Furniture, Sofas & Loungers, Sofas
Gloria Three Seater Sofa with Ottoman in Beige Colour by CasaCraft,35999,CasaCraft,,Fabric,Home, Furniture, Sofas & Loungers, Sofas
Frida Three Seater Sofa in Red Multi Colour by CasaCraft,24999,CasaCraft,,Fabric,Home, Furniture, Sofas & Loungers, Sofas
Bogota Three Seater Sofa in Grey Colour by CasaCraft,23999,CasaCraft,,Fabric,Home, Furniture, Sofas & Loungers, Sofas
Fuego Three Seater Sofa in Sandy Brown Colour by CasaCraft,25999,CasaCraft,,Fabric,Home, Furniture, Sofas & Loungers, Sofas
Madeira Three Seater Sofa in Navy Blue Colour by CasaCraft,34999,CasaCraft,,Fabric,Home, Furniture, Sofas & Loungers, Sofas
Santiago Three Seater Sofa in Camel Yellow Colour by CasaCraft,33999,CasaCraft,,Fabric,Home, Furniture, Sofas & Loungers, Sofas
San Dimas Three Seater Sofa in Biscotti Colour by CasaCraft,22299,CasaCraft,,Fabric,Home, Furniture, Sofas & Loungers, Sofas
Havana Three Seater Sofa in Ochre Colour by CasaCraft,31999,CasaCraft,,Fabric,Home, Furniture, Sofas & Loungers, Sofas
Hugo Three Seater Sofa in Denim Blue Colour by CasaCraft,33999,CasaCraft,,Fabric,Home, Furniture, Sofas & Loungers, Sofas
Frida Three Seater Sofa in Yellow Multi Colour by CasaCraft,24999,CasaCraft,,Fabric,Home, Furniture, Sofas & Loungers, Sofas
Zulia Three Seater Sofa in Charcoal Grey Color by CasaCraft,33999,CasaCraft,,Fabric,Home, Furniture, Sofas & Loungers, Sofas
Belem Three Seater Sofa in Sandy Brown Color by CasaCraft,23999,CasaCraft,,Fabric,Home, Furniture, Sofas & Loungers, Sofas
Alba Three Seater Sofa in Sandy Brown Colour by CasaCraft,19999,CasaCraft,,Fabric,Home, Furniture, Sofas & Loungers, Sofas
Hugo Three Seater Sofa in Ash Grey Colour by CasaCraft,33999,CasaCraft,,Fabric,Home, Furniture, Sofas & Loungers, Sofas
Castello Three Seater Sofa in Gravel Grey Colour by CasaCraft,19999,CasaCraft,,Fabric,Home, Studio Pepperfry, Bengaluru - Indiranagar, Sofas @ Studio
Rosario Three Seater Sofa in Beige Color by CasaCraft,24999,CasaCraft,,Fabric,Home, Furniture, Sofas & Loungers, Sofas
Alba Three Seater Sofa in Denim Blue Colour by CasaCraft,19999,CasaCraft,,Fabric,Home, Furniture, Sofas & Loungers, Sofas
Fuego Three Seater Sofa in Navy Blue Colour by CasaCraft,25999,CasaCraft,,Fabric,Home, Furniture, Sofas & Loungers, Sofas
Hugo Three Seater Sofa in Navy Blue Colour by CasaCraft,33999,CasaCraft,,Fabric,Home, Furniture, Sofas & Loungers, Sofas
Alba Three Seater Sofa in Chestnut Brown Colour by CasaCraft,19999,CasaCraft,,Fabric,Home, Furniture, Sofas & Loungers, Sofas
Fuego Three Seater Sofa in Garnet Red Colour by CasaCraft,25999,CasaCraft,,Fabric,Home, Furniture, Sofas & Loungers, Sofas
Hugo Three Seater Sofa in Beige Colour by CasaCraft,33999,CasaCraft,,Fabric,Home, Furniture, Sofas & Loungers, Sofas
Hugo Three Seater Sofa in Charcoal Grey Colour by CasaCraft,33999,CasaCraft,,Fabric,Home, Furniture, Sofas & Loungers, Sofas
Alba Three Seater Sofa in Navy Blue Colour by CasaCraft,19999,CasaCraft,,Fabric,Home, Furniture, Sofas & Loungers, Sofas
Silvia Three Seater Sofa in Beige and Brown Colour by CasaCraft,24999,CasaCraft,,Fabric,Home, Furniture, Sofas & Loungers, Sofas
Cordoba Three Seater Sofa in Sandy Brown Colour by CasaCraft,25999,CasaCraft,,Fabric,Home, Furniture, Sofas & Loungers, Sofas
Mamore Three Seater Sofa in Beige Color by CasaCraft,28999,CasaCraft,,Fabric,Home, Furniture, Sofas & Loungers, Sofas
Miranda Three Seater Sofa in Sandy Brown Colour by CasaCraft,29999,CasaCraft,,Fabric,Home, Furniture, Sofas & Loungers, Sofas
Cielo Three Seater Sofa in Charcoal Grey Colour by CasaCraft,31999,CasaCraft,,Fabric,Home, Furniture, Sofas & Loungers, Sofas
Belem Three Seater Sofa in Charcoal Grey Color by CasaCraft,23999,CasaCraft,,Fabric,Home, Furniture, Sofas & Loungers, Sofas
Miranda Three Seater Sofa in Charcoal Grey Colour by CasaCraft,29999,CasaCraft,,Fabric,Home, Furniture, Sofas & Loungers, Sofas
Diego Three Seater Sofa in Ash Grey Colour by CasaCraft,33999,CasaCraft,,Fabric,Home, Furniture, Sofas & Loungers, Sofas
Miranda Three Seater Sofa in Beige Colour by CasaCraft,29999,CasaCraft,,Fabric,Home, Furniture, Sofas & Loungers, Sofas
Managua Three Seater Sofa in Red Colour by CasaCraft,26999,CasaCraft,,Fabric,Home, Furniture, Sofas & Loungers, Sofa Sets
Silvia Three Seater Sofa in Light Grey and Blue Colour by CasaCraft,24999,CasaCraft,,Fabric,Home, Furniture, Sofas & Loungers, Sofas
Rosario Three Seater Sofa in Chestnut Brown Color by CasaCraft,24499,CasaCraft,,Fabric,Home, Furniture, Sofas & Loungers, Sofas
Rosario Three Seater Sofa in Ash Grey Color by CasaCraft,24999,CasaCraft,,Fabric,Home, Furniture, Sofas & Loungers, Sofas
Mamore Three Seater Sofa in Charcoal Grey Color by CasaCraft,28999,CasaCraft,,Fabric,Home, Furniture, Sofas & Loungers, Sofas
Parana Three Seater Sofa in Chestnut Brown Color by CasaCraft,35999,CasaCraft,,Fabric,Home, Furniture, Sofas & Loungers, Sofas
Juan Three Seater Sofa in Sandy Brown Colour by CasaCraft,23749,CasaCraft,,Fabric,Home, Furniture, Sofas & Loungers, Sofas
Cordoba Three Seater Sofa in Beige Colour by CasaCraft,25999,CasaCraft,,Fabric,Home, Furniture, Sofas & Loungers, Sofas
Juan Three Seater Sofa in Garnet Red Colour by CasaCraft,25999,CasaCraft,,Fabric,Home, Furniture, Sofas & Loungers, Sofas
Santiago Three Seater Sofa in Ash Grey Colour by CasaCraft,33999,CasaCraft,,Fabric,Home, Furniture, Sofas & Loungers, Sofas
Madeira Three Seater Sofa in Chestnut Brown Colour by CasaCraft,34999,CasaCraft,,Fabric,Home, Furniture, Sofas & Loungers, Sofas
Madeira Three Seater Sofa in Charcoal Grey Colour by CasaCraft,34999,CasaCraft,,Fabric,Home, Furniture, Sofas & Loungers, Sofas
Madeira Three Seater Sofa in Beige Colour by CasaCraft,34999,CasaCraft,,Fabric,Home, Furniture, Sofas & Loungers, Sofas
Cielo Three Seater Sofa in Garnet Red Colour by CasaCraft,31999,CasaCraft,,Fabric,Home, Furniture, Sofas & Loungers, Sofas
Cielo Three Seater Sofa in Chestnut Brown Colour by CasaCraft,31999,CasaCraft,,Fabric,Home, Furniture, Sofas & Loungers, Sofas
Diego Three Seater Sofa in Garnet Red Colour by CasaCraft,33999,CasaCraft,,Fabric,Home, Furniture, Sofas & Loungers, Sofas
Diego Three Seater Sofa in Charcoal Grey Colour by CasaCraft,33999,CasaCraft,,Fabric,Home, Furniture, Sofas & Loungers, Sofas
Diego Three Seater Sofa in Denim Blue Colour by CasaCraft,33999,CasaCraft,,Fabric,Home, Furniture, Sofas & Loungers, Sofas
Diego Three Seater Sofa in Chestnut Brown Colour by CasaCraft,33999,CasaCraft,,Fabric,Home, Furniture, Sofas & Loungers, Sofas
Miranda Three Seater Sofa in Ash Grey Colour by CasaCraft,29999,CasaCraft,,Fabric,Home, Furniture, Sofas & Loungers, Sofas
Hugo Three Seater Sofa in Garnet Red Colour by CasaCraft,33999,CasaCraft,,Fabric,Home, Furniture, Sofas & Loungers, Sofas
Oscar Three Seater Sofa in Denim Blue Colour by CasaCraft,26899,CasaCraft,,Fabric,Home, Furniture, Sofas & Loungers, Sofas
Oscar Three Seater Sofa in Ash Grey Colour by CasaCraft,26899,CasaCraft,,Fabric,Home, Furniture, Sofas & Loungers, Sofas
Oscar Three Seater Sofa in Beige Colour by CasaCraft,26899,CasaCraft,,Fabric,Home, Furniture, Sofas & Loungers, Sofas
Oscar Three Seater Sofa in Sandy Brown Colour by CasaCraft,26899,CasaCraft,,Fabric,Home, Furniture, Sofas & Loungers, Sofas
Lara Three Seater Sofa in Denim Blue Colour by CasaCraft,27999,CasaCraft,,Fabric,Home, Furniture, Sofas & Loungers, Sofas
Lara Three Seater Sofa in Charcoal Grey Colour by CasaCraft,27999,CasaCraft,,Fabric,Home, Furniture, Sofas & Loungers, Sofas
Lara Three Seater Sofa in Ash Grey Colour by CasaCraft,27999,CasaCraft,,Fabric,Home, Furniture, Sofas & Loungers, Sofas
Lara Three Seater Sofa in Beige Colour by CasaCraft,27999,CasaCraft,,Fabric,Home, Furniture, Sofas & Loungers, Sofas
Alba Three Seater Sofa in Ash Grey Colour by CasaCraft,19999,CasaCraft,,Fabric,Home, Furniture, Sofas & Loungers, Sofas
Rosario Three Seater Sofa in Navy Blue Color by CasaCraft,23099,CasaCraft,,Fabric,Home, Furniture, Sofas & Loungers, Sofas
Belem Three Seater Sofa in Garnet Red Color by CasaCraft,23999,CasaCraft,,Fabric,Home, Furniture, Sofas & Loungers, Sofas
Nina Three Seater Sofa in Ash Grey Colour by CasaCraft,22999,CasaCraft,,Fabric,Home, Furniture, Sofas & Loungers, Sofas
Nina Three Seater Sofa in Charcoal Grey Colour by CasaCraft,22999,CasaCraft,,Fabric,Home, Furniture, Sofas & Loungers, Sofas
Mamore Three Seater Sofa in Chestnut Brown Color by CasaCraft,28999,CasaCraft,,Fabric,Home, Furniture, Sofas & Loungers, Sofas
Parana Three Seater Sofa in Beige Color by CasaCraft,35999,CasaCraft,,Fabric,Home, Furniture, Sofas & Loungers, Sofas
Parana Three Seater Sofa in Charcoal Grey Color by CasaCraft,35999,CasaCraft,,Fabric,Home, Furniture, Sofas & Loungers, Sofas
Zulia Three Seater Sofa in Beige Color by CasaCraft,33999,CasaCraft,,Fabric,Home, Furniture, Sofas & Loungers, Sofas
Juan Three Seater Sofa in Ice Blue Colour by CasaCraft,23749,CasaCraft,,Fabric,Home, Furniture, Sofas & Loungers, Sofas
Cordoba Three Seater Sofa in Denim Blue Colour by CasaCraft,25999,CasaCraft,,Fabric,Home, Furniture, Sofas & Loungers, Sofas
Santiago Three Seater Sofa in Navy Blue Colour by CasaCraft,33999,CasaCraft,,Fabric,Home, Furniture, Sofas & Loungers, Sofas
Cielo Three Seater Sofa in Beige Colour by CasaCraft,31999,CasaCraft,,Fabric,Home, Furniture, Sofas & Loungers, Sofas
Diego Three Seater Sofa in Sandy Brown Colour by CasaCraft,33999,CasaCraft,,Fabric,Home, Furniture, Sofas & Loungers, Sofas
Miranda Three Seater Sofa in Garnet Red Colour by CasaCraft,29999,CasaCraft,,Fabric,Home, Furniture, Sofas & Loungers, Sofas
Diego Three Seater Sofa in Beige Colour by CasaCraft,33999,CasaCraft,,Fabric,Home, Furniture, Sofas & Loungers, Sofas
Miranda Three Seater Sofa in Navy Blue Colour by CasaCraft,29999,CasaCraft,,Fabric,Home, Furniture, Sofas & Loungers, Sofas
Miranda Three Seater Sofa in Denim Blue Colour by CasaCraft,29999,CasaCraft,,Fabric,Home, Furniture, Sofas & Loungers, Sofas
Miranda Three Seater Sofa in Chestnut Brown Colour by CasaCraft,29999,CasaCraft,,Fabric,Home, Furniture, Sofas & Loungers, Sofas
Hugo Three Seater Sofa in Sandy Brown Colour by CasaCraft,33999,CasaCraft,,Fabric,Home, Furniture, Sofas & Loungers, Sofas
Oscar Three Seater Sofa in Garnet Red Colour by CasaCraft,26899,CasaCraft,,Fabric,Home, Furniture, Sofas & Loungers, Sofas
Oscar Three Seater Sofa in Navy Blue Colour by CasaCraft,26899,CasaCraft,,Fabric,Home, Furniture, Sofas & Loungers, Sofas
Oscar Three Seater Sofa in Charcoal Grey Colour by CasaCraft,26899,CasaCraft,,Fabric,Home, Furniture, Sofas & Loungers, Sofas
Oscar Three Seater Sofa in Chestnut Brown Colour by CasaCraft,26899,CasaCraft,,Fabric,Home, Furniture, Sofas & Loungers, Sofas
Valencia Three Seater Sofa in Ocean Blue Colour by CasaCraft,36999,CasaCraft,,Fabric,Home, Furniture, Sofas & Loungers, Sofas
San Bruno Three Seater Sofa in Dark Brown Colour by CasaCraft,14499,CasaCraft,,Fabric,Home, Clearance, Sofa & Seating, Sofas
Castilla Three Seater Sofa in Brown Colour by CasaCraft,31499,CasaCraft,,Fabric,Home, Furniture, Sofas & Loungers, Sofas
Tierra Three Seater Sofa in Navy Blue Colour by CasaCraft,41999,CasaCraft,,Fabric,Home, Furniture, Sofas & Loungers, Sofas
Tierra Three Seater Sofa in Dark Brown Colour by CasaCraft,42999,CasaCraft,,Fabric,Home, Furniture, Sofas & Loungers, Sofas
Tierra Three Seater Sofa in Sandy Beige Colour by CasaCraft,42999,CasaCraft,,Fabric,Home, Furniture, Sofas & Loungers, Sofas
Tierra Three Seater Sofa in Beige Colour by CasaCraft,41999,CasaCraft,,Fabric,Home, Furniture, Sofas & Loungers, Sofas
Tierra Three Seater Sofa in Charcoal Grey Colour by CasaCraft,41999,CasaCraft,,Fabric,Home, Furniture, Sofas & Loungers, Sofas
Tierra Three Seater Sofa in Garnet Red Colour by CasaCraft,41999,CasaCraft,,Fabric,Home, Furniture, Sofas & Loungers, Sofas
Tierra Three Seater Sofa in Chestnut Brown Colour by CasaCraft,41999,CasaCraft,,Fabric,Home, Furniture, Sofas & Loungers, Sofas
Bogota Three Seater Sofa in Red Colour by CasaCraft,23999,CasaCraft,,Fabric,Home, Furniture, Sofas & Loungers, Sofas
Bogota Three Seater Sofa in Blue Colour by CasaCraft,23999,CasaCraft,,Fabric,Home, Furniture, Sofas & Loungers, Sofas
Dijon Three Seater Sofa in Dark Brown Colour by Auspicious Home,23499,Auspicious Home,,Acacia Wood,Home, Furniture, Sofas & Loungers, Sofas
Hayden Solid Wood Three Seater Sofa in Honey Oak Finish by Bohemiana,20499,Bohemiana,Honey Oak,Sheesham Wood,Home, Furniture, Sofas & Loungers, Sofas
Forma Three Seater Sofa in Brown Colour by Zofa,23999,Zofa,,Leatherette,Home, Furniture, Sofas & Loungers, Sofas
Three Seater Sofa with Pouffe in Grey & Magenta Colour by DHEP Furniture,29999,DHEP Furniture,,Fabric,Home, Furniture, Sofas & Loungers, Sofas
Forma Three Seater Sofa in Camel Leatherette by Zofa,23999,Zofa,,Leatherette,Home, Furniture, Sofas & Loungers, Sofas
Dime Three Seater Sofa in Grey Colour by Zofa,20999,Zofa,,Fabric,Home, Furniture, Sofas & Loungers, Sofas
Alice Three Seater Sofa in Grey Colour by Zofa,21499,Zofa,,Fabric,Home, Furniture, Sofas & Loungers, Sofas
Alice Three Seater Sofa in Teal Colour by Zofa ,21499,Zofa,,Fabric,Home, Furniture, Sofas & Loungers, Sofas
Alice Three Seater Sofa in Brown Colour by Zofa,20999,Zofa,,Fabric,Home, Furniture, Sofas & Loungers, Sofas
Forma Three Seater Sofa in Black Leatherette by Zofa,21499,Zofa,,Leatherette,Home, Furniture, Sofas & Loungers, Sofas
Dime Three Seater Sofa in Beige Colour by Zofa,20999,Zofa,,Fabric,Home, Furniture, Sofas & Loungers, Sofas
Three Seater Sofa in Grey & Black  Colour by ACME,13499,Acme,,Leatherette,Home, Furniture, Sofas & Loungers, Sofas
Three Seater Sofa in Light Brown & Brown  Colour by ACME,13499,Acme,,Leatherette,Home, Furniture, Sofas & Loungers, Sofas
Trendy Three Seater Sofa in Cappuccino Colour by Muebles Casa,23499,Muebles Casa,,Fabric,Home, Furniture, Sofas & Loungers, Sofas
Vivid Three Seater Sofa in Brown Colour by ARRA,16999,ARRA,Brown,Fabric,Home, Furniture, Sofas & Loungers, Sofas
Zurich Delight Three Seater Sofa in Dark Maroon Colour by Urban Living,24499,Urban Living,,Fabric,Home, Furniture, Sofas & Loungers, Sofas
Bella Three Seater Sofa in Brown Leatherette by Muebles Casa,18499,Muebles Casa,,Leatherette,Home, Furniture, Sofas & Loungers, Sofas
Cooper Three Seater Sofa by ARRA,19999,ARRA,,Fabric,Home, Furniture, Sofas & Loungers, Sofas
Cooper Three Seater Sofa in Royal Blue Colour by ARRA,19499,ARRA,,Fabric,Home, Furniture, Sofas & Loungers, Sofas
Eartigo Three Seater Sofa in Brown Colour by Crystal Furnitech,13499,Crystal Furnitech,,Fabric,Home, Furniture, Sofas & Loungers, Sofas
Cooper Three Seater Sofa in Beige Colour by ARRA,19999,ARRA,,Fabric,Home, Furniture, Sofas & Loungers, Sofas
Magnum Three Seater Sofa in Black Leatherette by Crystal Furnitech,20499,Crystal Furnitech,,Leatherette,Home, Furniture, Sofas & Loungers, Sofas
Ithaca Impulse Three Seater Sofa with Throw Cushions in Burnt Sienna Colour by Urban Living,29499,Urban Living,,Fabric,Home, Furniture, Sofas & Loungers, Sofas
Greenwich Three Seater Sofa in Caramel Brown Colour by Urban Living,18999,Urban Living,,Fabric,Home, Furniture, Sofas & Loungers, Sofas
Felix Three Seater Sofa in Black Leatherette by Crystal Furnitech,11999,Crystal Furnitech,,Leatherette,Home, Furniture, Sofas & Loungers, Sofas
Zurich Delight Three Seater Sofa in Dark Brown Colour by Urban Living,24499,Urban Living,,Fabric,Home, Furniture, Sofas & Loungers, Sofas
Northwest Three Seater Sofa by Looking Good Furniture,14999,Looking Good Furniture,,Fabric,Home, Furniture, Sofas & Loungers, Sofas
New Ciara Three Seater Sofa in Dual Tone by Crystal Furnitech,12719,Crystal Furnitech,,Fabric,Home, Furniture, Sofas & Loungers, Sofas
Woodway Solid Wood Three Seater Sofa in Provincial Teak Finish by Woodsworth,24999,Woodsworth,Provincial Teak,Sheesham Wood,Home, Furniture, Sofas & Loungers, Sofas
Cooper Three Seater Sofa in Brown Colour by ARRA,19999,ARRA,,Fabric,Home, Furniture, Sofas & Loungers, Sofas
Cooper Three Seater Sofa in Cherry Colour by ARRA,19499,ARRA,,Fabric,Home, Furniture, Sofas & Loungers, Sofas
Berlin Three Seater Sofa in Blue Colour by Crystal Furnitech,21499,Crystal Furnitech,,Fabric,Home, Furniture, Sofas & Loungers, Sofas
Dublin Three Seater Sofa in Black Leatherette by Parin,15499,Parin,,Leatherette,Home, Furniture, Sofas & Loungers, Sofas
Three Seater Sofa in Grey Colour by Kuka,29999,Kuka,,Fabric,Home, Furniture, Sofas & Loungers, Sofas
Three Seater Sofa in Light Grey Colour by Kuka,39999,Kuka,,Fabric,Home, Furniture, Sofas & Loungers, Sofas
Three Seater Sofa in Light Beige Colour by Kuka,29999,Kuka,,Fabric,Home, Furniture, Sofas & Loungers, Sofas
Three Seater Sofa in Brown Colour by Kuka,29999,Kuka,,Fabric,Home, Furniture, Sofas & Loungers, Sofas
Three Seater Sofa in Dark Grey by Kuka,39999,Kuka,,Fabric,Home, Furniture, Sofas & Loungers, Sofas
Vayaka Solid Wood Three Seater Sofa with Storage in Honey Oak Finish by Mudramark,29499,Mudramark,Honey Oak,Sheesham Wood,Home, Furniture, Sofas & Loungers, Sofas
Vayaka Solid Wood Three Seater Sofa with Storage in Provincial Teak Finish by Mudramark,29499,Mudramark,Provincial Teak,Sheesham Wood,Home, Furniture, Sofas & Loungers, Sofas
Vienna Three Seater Sofa by Crystal Furnitech,20999,Crystal Furnitech,,Fabric,Home, Furniture, Sofas & Loungers, Sofas
Brass Three Seater Sofa in Dark Grey Colour by Muebles Casa,17999,Muebles Casa,,Fabric,Home, Furniture, Sofas & Loungers, Sofas
Hamfir Three Seater Sofa in Brown Colour by Muebles Casa,24999,Muebles Casa,,Fabric,Home, Furniture, Sofas & Loungers, Sofas
Stylus Three Seater Sofa with Cushions in Brown Colour by Crystal Furnitech,25999,Crystal Furnitech,,Fabric,Home, Furniture, Sofas & Loungers, Sofas
Poland Three Seater Sofa in Chocolate Brown Colour by Muebles Casa,14999,Muebles Casa,,Fabric,Home, Furniture, Sofas & Loungers, Sofas
Cedar Three Seater Sofa in Cherry Brown Leatherette by Muebles Casa,22499,Muebles Casa,,Leatherette,Home, Furniture, Sofas & Loungers, Sofas
Redmond Three Seater Sofa in Blue Colour by Muebles Casa,17999,Muebles Casa,,Fabric,Home, Furniture, Sofas & Loungers, Sofas
Ithaca Impulse Three Seater Sofa with Throw Cushions in Jade Colour by Urban Living,28999,Urban Living,,Fabric,Home, Furniture, Sofas & Loungers, Sofas
Dijon Three Seater Sofa in Navy Blue Colour by Auspicious Home,23499,Auspicious Home,,Acacia Wood,Home, Furniture, Sofas & Loungers, Sofas
Dijon Three Seater Sofa in Red Colour by Auspicious Home,23499,Auspicious Home,,Acacia Wood,Home, Furniture, Sofas & Loungers, Sofas
Memphis Monarch Three Seater Sofa in Dark Brown Colour by Urban Living,26999,Urban Living,,Fabric,Home, Furniture, Sofas & Loungers, Sofas
Ithaca Impulse Three Seater Sofa with Throw Cushions in Charcoal Grey Colour by Urban Living,28999,Urban Living,,Fabric,Home, Furniture, Sofas & Loungers, Sofas
Ithaca Impulse Three Seater Sofa with Throw Cushions in Teal Blue Colour by Urban Living,28999,Urban Living,,Fabric,Home, Furniture, Sofas & Loungers, Sofas
Ithaca Impulse Three Seater Sofa with Throw Cushions in Chestnut Brown Colour by Urban Living,20999,Urban Living,,Fabric,Home, Furniture, Sofas & Loungers, Sofas
Glassgow Heaven Three Seater Sofa with Throw Cushions in Blue Colour by Urban Living,21999,Urban Living,,Leatherette,Home, Furniture, Sofas & Loungers, Sofas
Washington Three Seater Sofa with Throw Cushions in Grape Wine Colour by Urban Living,18999,Urban Living,,Fabric,Home, Furniture, Sofas & Loungers, Sofas
New York Chic Three Seater Sofa in Wine Colour by Urban Living,20999,Urban Living,,Fabric,Home, Furniture, Sofas & Loungers, Sofas
Arms Three Seater Sofa in Black Colour Leatherette  by Parin,26499,Parin,Black,Leatherette,Home, Furniture, Sofas & Loungers, Sofas
Harleston Three Seater Sofa in Honey Oak Finish by Amberville,25499,Amberville,Honey Oak,Sheesham Wood,Home, Furniture, Sofas & Loungers, Sofas
Barnes Solid Wood Three Seater Sofa with Cushions in Passion Mahogany Finish by Woodsworth,29499,Woodsworth,Passion Mahogany,Acacia Wood,Home, Furniture, Sofas & Loungers, Sofas
Monet Three Seater Sofa in Ivory Colour by Evok,27990,Evok,,Leatherette,Home, Furniture, Sofas & Loungers, Sofas
Harleston Three Seater Sofa in Provincial Teak Finish by Amberville,27999,Amberville,Provincial Teak,Sheesham Wood,Home, Furniture, Sofas & Loungers, Sofas
Perfect Appeal Three Seater Upholstered Sofa in Beige Colour by Dreamzz Furniture,41000,Dreamzz Furniture,,Fabric,Home, Furniture, Sofas & Loungers, Sofas
Taksh Handcrafted Solid Wood Three Seater Sofa in Provincial Teak Finish by Mudramark,24499,Mudramark,Provincial Teak,Sheesham Wood,Home, Furniture, Sofas & Loungers, Sofas
Sanford Three Seater Sofa in Grey Colour by Amberville,25499,Amberville,Grey,Fabric,Home, Furniture, Sofas & Loungers, Sofas
Maurya Handcrafted Solid Wood Three Seater Sofa in Honey Oak Finish by Mudramark,22999,Mudramark,Honey Oak,Sheesham Wood,Home, Furniture, Sofas & Loungers, Sofas
Anne Three Seater Sofa in Provincial Teak Finish by Amberville,33999,Amberville,Provincial Teak,Sheesham Wood,Home, Furniture, Sofas & Loungers, Sofas
Anne Three Seater Sofa in Warm Chestnut Finish by Amberville,30499,Amberville,Warm Chestnut,Sheesham Wood,Home, Furniture, Sofas & Loungers, Sofas
Maurya Handcrafted Solid Wood Three Seater Sofa in Provincial Teak Finish by Mudramark,25499,Mudramark,Provincial Teak,Sheesham Wood,Home, Furniture, Sofas & Loungers, Sofas
Willingdon Three Seater Sofa in Provincial Teak Finish by Amberville,36132,Amberville,Provincial Teak,Sheesham Wood,Home, Furniture, Sofas & Loungers, Sofa Sets
Bayley Three Seater Sofa in Blue Color by Amberville,41732,Amberville,,Fabric,Home, Furniture, Sofas & Loungers, Sofas
Bayley Three Seater Sofa in Brown Colour  by Amberville,21999,Amberville,Brown,Fabric,Home, Furniture, Sofas & Loungers, Sofas
Corvallis Three Seater Sofa in Provincial Teak Finish by Woodsworth,21399,Woodsworth,Provincial Teak,Mango Wood,Home, Furniture, Sofas & Loungers, Sofa Sets
Dillon Solid Wood Three Seater Sofa in Passion Mahogany Finish by Woodsworth,28124,Woodsworth,Passion Mahogany,Acacia Wood,Home, Furniture, Sofas & Loungers, Sofas
Vitara Three Seater Sofa in Dark Almond Colour by Vittoria,20751,Vittoria,,Leatherette,Home, Furniture, Sofas & Loungers, Sofas
Oscar Leatherette Three Seater Sofa in Cream Colour by Cloud9,36999,Cloud 9,,Leatherette,Home, Furniture, Sofas & Loungers, Sofas
Mexico Three Seater Sofa in Beige & Brown Colour by Urban Living,14999,Urban Living,,Fabric,Home, Furniture, Sofas & Loungers, Sofas
Ginny Three Seater Sofa in Black & Brown Colour by @Home,10900,@ Home,,Fabric,Home, Furniture, Sofas & Loungers, Sofas
Montero Three Seater Sofa in Dark Brown Colour by Vittoria,32999,Vittoria,,Leatherette,Home, Furniture, Sofas & Loungers, Sofas
Oscar Three Seater Sofa with Cushions in Lime Colour by Furnitech,16999,Furnitech,,Leatherette,Home, Furniture, Sofas & Loungers, Sofas
Mariana Teak Wood Three Seater Sofa in Fresh Walnut Finish by Finesse,31999,Finesse,Fresh Walnut,Teak Wood,Home, Furniture, Sofas & Loungers, Sofas
Beverly Three Seater Sofa by @home,78900,@ Home,,Leatherette,Home, Furniture, Sofas & Loungers, Sofas
Miraya Three Seater Sofa in Brown Colour by @Home,26500,@ Home,Brown,Engineered Wood,Home, Furniture, Sofas & Loungers, Sofas
Edo Three Seater Sofa in Black Colour by Furnitech,17499,Furnitech,,Leatherette,Home, Furniture, Sofas & Loungers, Sofas
Derby Three Seater Sofa in Sky Blue Colour by Cloud 9,26499,Cloud 9,,Fabric,Home, Furniture, Sofas & Loungers, Sofas
Bradley Half Leather Three Seater Sofa in Dark Brown Colour by HomeTown,82900,HomeTown,Dark Brown,Half Leather,Home, Furniture, Sofas & Loungers, Sofas
George Three Seater Sofa with Storage in Grey Colour by Durian,38520,Durian,,Fabric,Home, Furniture, Sofas & Loungers, Sofas
Sienna Three Seater Sofa in Brown Leather by Durian,132340,Durian,,Leather,Home, Furniture, Sofas & Loungers, Sofas
Ricco Three Seater Sofa in Dark Grey Colour by Cloud 9,28698,Cloud 9,,Leatherette,Home, Furniture, Sofas & Loungers, Sofa Sets
Bali Three seater Sofa in Black color by Elegant Furniture,29047,Elegant Furniture,,Leatherette,Home, Furniture, Sofas & Loungers, Sofa Sets
Neptune Three Seater Sofa in Cream Colour by Elegant Furniture,32936,Elegant Furniture,,Fabric,Home, Furniture, Sofas & Loungers, Sofas
Xylo Three Seater Sofa in Brown Colour by Elegant Furniture,40140,Elegant Furniture,,Fabric,Home, Furniture, Sofas & Loungers, Sofa Sets
Grace Three Seater Sofa by Elegant Furniture,21999,Elegant Furniture,,Leatherette,Home, Furniture, Sofas & Loungers, Sofa Sets
Preston Three Seater Sofa in Beige Colour by Madesos,51999,Madesos,,Fabric,Home, Furniture, Sofas & Loungers, Sofas
Panache Three Seater Sofa in Aqua Blue Colour by Vittoria,28559,Vittoria,,Fabric,Home, Furniture, Sofas & Loungers, Sofas
Dolfino Three Seater Sofa in Beige Colour by Cloud9,29999,Cloud 9,,Fabric,Home, Furniture, Sofas & Loungers, Sofas
Oscar Three Seater Sofa with Cushions in Camel Colour by Furnitech,16999,Furnitech,,Leatherette,Home, Furniture, Sofas & Loungers, Sofas
Dalvin Three Seater Sofa in Peach Colour by Cloud 9,24999,Cloud 9,,Leatherette,Home, Furniture, Sofas & Loungers, Sofas
Cilantro Three Seater Sofa in Off White Colour by Tezerac,20499,Tezerac,,Teak Wood,Home, Furniture, Sofas & Loungers, Sofas
Carelino Three Seater Sofa with Adjustable  Headrest in Cream Colour by Vittoria,36999,Vittoria,,Leatherette,Home, Furniture, Sofas & Loungers, Sofas
Mariana Teak Wood Three Seater Sofa in Fresh Walnut Finish by Finesse,28499,Finesse,Fresh Walnut,Teak Wood,Home, Furniture, Sofas & Loungers, Sofas
Edo Three Seater Sofa in Brown Colour by Furnitech,17499,Furnitech,,Leatherette,Home, Furniture, Sofas & Loungers, Sofas
Madisson Three Seater Sofa in Beige Colour by Furnitech,19499,Furnitech,,Leatherette,Home, Furniture, Sofas & Loungers, Sofas
Panache Three Seater Sofa with Cushions in Beige Colour by Vittoria,28559,Vittoria,,Fabric,Home, Furniture, Sofas & Loungers, Sofas
Maxima Three Seater Sofa in Coffee & Beige Colour by Cloud 9,30443,Cloud 9,,Leatherette,Home, Furniture, Sofas & Loungers, Sofa Sets
Genessa Three Seater Sofa in Rust Colour by Cloud 9,38336,Cloud 9,,Fabric,Home, Furniture, Sofas & Loungers, Sofa Sets
Mid-Century Classic Three Seater Sofa in Grey Colour by Dreamzz Furniture,32199,Dreamzz Furniture,,Fabric,Home, Furniture, Sofas & Loungers, Sofas
Mexico Three Seater Sofa in Black & White Colour by Furnitech,12499,Furnitech,Black,Leatherette,Home, Furniture, Sofas & Loungers, Sofas
Martin Leather Three Seater Sofa in Brown Colour by HomeTown,63500,HomeTown,,Leather,Home, Furniture, Sofas & Loungers, Sofas
Berry Three Seater Sofa in Coffee Brown Colour by Durian,53235,Durian,,Leatherette,Home, Furniture, Sofas & Loungers, Sofas
Elton Three Seater Sofa in Brown Colour by Durian,47190,Durian,Brown,Leatherette,Home, Furniture, Sofas & Loungers, Sofas
Casa Blanc Three Seater Sofa in Khaki Colour by Cloud9,41873,Cloud 9,,Fabric,Home, Furniture, Sofas & Loungers, Sofa Sets
Zeba Three Seater Sofa in Dark Brown Colour by Cloud9,36988,Cloud 9,,Fabric,Home, Furniture, Sofas & Loungers, Sofa Sets
Oscar Leatherette Three Seater Sofa in Tan Colour by Cloud9,54664,Cloud 9,,Leatherette,Home, Furniture, Sofas & Loungers, Sofa Sets
Zubina Leatherette Three Seater Sofa in Tan Colour by Cloud9,35129,Cloud 9,,Leatherette,Home, Furniture, Sofas & Loungers, Sofa Sets
Maxima Three Seater Sofa in Brown Leatherette by Cloud9,31547,Cloud 9,,Leatherette,Home, Furniture, Sofas & Loungers, Sofa Sets
Fluer Three Seater Sofa in Brown Leatherette by Cloud9,36057,Cloud 9,,Leatherette,Home, Furniture, Sofas & Loungers, Sofa Sets
Lara Three Seater Sofa in Brown Colour by Cloud9,37685,Cloud 9,,Fabric,Home, Furniture, Sofas & Loungers, Sofa Sets
Benzer Three Seater  Sofa in Coffee & Beige Colour by Cloud 9,31570,Cloud 9,,Fabric,Home, Furniture, Sofas & Loungers, Sofa Sets
Boston Three Seater Sofa in Black Colour by Cloud 9,32700,Cloud 9,,Leatherette,Home, Furniture, Sofas & Loungers, Sofa Sets
Lisa Three Seater in Coffee Brown Colour by Cloud 9,28188,Cloud 9,,Fabric,Home, Furniture, Sofas & Loungers, Sofa Sets
Marygold Three Seater Sofa in Ivory Colour by Cloud 9,30445,Cloud 9,,Leatherette,Home, Furniture, Sofas & Loungers, Sofa Sets
Emerald Three Seater Sofa in Navy Blue Colour by Cloud 9,30443,Cloud 9,,Fabric,Home, Furniture, Sofas & Loungers, Sofas
Brisa Three Seater Sofa in Coffee & Blue Colour by Cloud 9,30906,Cloud 9,,Fabric,Home, Furniture, Sofas & Loungers, Sofa Sets
Benito Three Seater Sofa in Khakhi Colour by Cloud 9,31570,Cloud 9,,Fabric,Home, Furniture, Sofas & Loungers, Sofa Sets
Marina Three Seater Sofa in Dark Brown Colour by Cloud 9,40591,Cloud 9,,Leatherette,Home, Furniture, Sofas & Loungers, Sofa Sets
Monterio  Three Seater Sofa with Cushions in Dark Grey Colour by Parin,26499,Parin,,Fabric,Home, Furniture, Sofas & Loungers, Sofas
Hallie Three Seater Sofa in Tan Brown Colour by Cloud 9,29315,Cloud 9,,Leatherette,Home, Furniture, Sofas & Loungers, Sofa Sets
Amy Three Seater Sofa in Red Colour by Cloud 9,31570,Cloud 9,,Fabric,Home, Furniture, Sofas & Loungers, Sofa Sets
Dilly Three Seater Sofa in Golden Colour by Cloud 9,27999,Cloud 9,,Leatherette,Home, Furniture, Sofas & Loungers, Sofas
Beniza Three Seater Sofa in Red Colour by Cloud 9,30906,Cloud 9,,Fabric,Home, Furniture, Sofas & Loungers, Sofa Sets
Archis Three Seater Sofa in Light Brown Colour by Cloud 9,31570,Cloud 9,,Fabric,Home, Furniture, Sofas & Loungers, Sofa Sets
Alpina Three Seater Sofa in Grey Colour by Cloud 9,31570,Cloud 9,,Fabric,Home, Furniture, Sofas & Loungers, Sofa Sets
Vivianna Three Seater Sofa in Black Colour by Cloud 9,41719,Cloud 9,,Leatherette,Home, Furniture, Sofas & Loungers, Sofa Sets
Three Seater Sofa in Cream Colour by Karigar,18991,Karigar,,Leatherette,Home, Furniture, Sofas & Loungers, Sofas
Three Seater Sofa in Red Colour by Karigar,18499,Karigar,,Leatherette,Home, Furniture, Sofas & Loungers, Sofas
Seagull Designer Three Seater Sofa in Green Colour by Cloud9,50015,Cloud 9,,Fabric,Home, Furniture, Sofas & Loungers, Sofas
Janice Three Seater Sofa in Lime Green Colour by Cloud9,39547,Cloud 9,,Fabric,Home, Furniture, Sofas & Loungers, Sofas
Titan Three Seater Sofa in Ivory Colour by Cloud 9,36081,Cloud 9,,Leatherette,Home, Furniture, Sofas & Loungers, Sofas
Nicohlas Designer Three Seater Sofa in Violet Colour by Cloud 9,27060,Cloud 9,,Fabric,Home, Furniture, Sofas & Loungers, Sofas
Copious Three Seater  Sofa with Pouffe in Wine Colour by Cloud 9,28190,Cloud 9,,Fabric,Home, Furniture, Sofas & Loungers, Sofas
Diana Three Seater Sofa in Dark Brown Colour by @ Home,20900,@ Home,,Fabric,Home, Furniture, Sofas & Loungers, Sofas
Classy Chesterfield Three Seater Sofa in Navy Blue by Dreamzz Furniture,41000,Dreamzz Furniture,,Fabric,Home, Furniture, Sofas & Loungers, Sofas
Ivy Three Seater Sofa in Beige Colour by Royal Oak,21999,Royal Oak,Beige,Fabric,Home, Furniture, Sofas & Loungers, Sofas
Canvas Three Seater Sofa with Cushions in Mustard Colour by Peachtree,31499,Peachtree,,Sheesham Wood,Home, Furniture, Sofas & Loungers, Sofas
Downing Teak Wood Three Seater Sofa in Natural Teak Finish by Finesse,36499,Finesse,Natural Teak,Teak Wood,Home, Furniture, Sofas & Loungers, Sofas
Daisy Three Seater Sofa in Brown Colour by Royal Oak,29000,Royal Oak,Brown,Leather,Home, Furniture, Sofas & Loungers, Sofas
Mexican Three Seater Sofa in Grey Colour by Tezerac,20499,Tezerac,,Fabric,Home, Furniture, Sofas & Loungers, Sofas
Rigado Three Seater Sofa in Brown & Cream Colour by Vittoria,24387,Vittoria,,Fabric,Home, Furniture, Sofas & Loungers, Sofas
Riosche Three Seater Sofa in Tan Leatherette by Vittoria,27499,Vittoria,,Leatherette,Home, Furniture, Sofas & Loungers, Sofas
Bostino Three Seater Sofa by Vittoria,24387,Vittoria,,Fabric,Home, Furniture, Sofas & Loungers, Sofas
Famsco Three Seater Sofa in Beige Colour by Vittoria,32837,Vittoria,,Fabric,Home, Furniture, Sofas & Loungers, Sofas
Whitoshe Three Seater Sofa in dark grey Colour by Vittoria,32837,Vittoria,,Fabric,Home, Furniture, Sofas & Loungers, Sofas
Riosche Three Seater Sofa in Brown Leatherette by Vittoria,27499,Vittoria,,Leatherette,Home, Furniture, Sofas & Loungers, Sofas
Rosetta Three Seater Sofa with Cushions in Green & Cream Colour by Vittoria,30999,Vittoria,,Fabric,Home, Furniture, Sofas & Loungers, Sofas
Panache Three Seater Sofa in Green Colour by Vittoria,28559,Vittoria,,Fabric,Home, Furniture, Sofas & Loungers, Sofas
Montero Three Seater Sofa in Dark Almond Colour by Vittoria,32999,Vittoria,,Leatherette,Home, Furniture, Sofas & Loungers, Sofas
Carelino Three Seater Sofa with Adjustable Headrest in Dark Almond Colour by Vittoria,36999,Vittoria,,Leatherette,Home, Furniture, Sofas & Loungers, Sofas
Vitara Three Seater Sofa in Butterscotch Colour by Vittoria,20751,Vittoria,,Leatherette,Home, Furniture, Sofas & Loungers, Sofas
Carelino Three Seater Sofa with Adjustable  Headrest in Dark Brown Colour by Vittoria,36999,Vittoria,,Leatherette,Home, Furniture, Sofas & Loungers, Sofas
Chesterfield Three Seater Sofa in Brown Colour by Karigar,40499,Karigar,,Leatherette,Home, Furniture, Sofas & Loungers, Sofas
Gentlemans Club Three Seater Sofa in Genuine Leather by Studio Ochre - Vintage Cedar,120999,Studio Ochre,,Leather,Home, Furniture, Sofas & Loungers, Sofas
Gentlemans Club Three Seater Chesterfield Sofa in Genuine Leather - Charcoal Black By Studio Ochre,120999,Studio Ochre,,Leather,Home, Furniture, Sofas & Loungers, Sofas
Oscar Three Seater Sofa with Cushions in Peacock Blue Colour  by Furnitech,16999,Furnitech,,Leatherette,Home, Furniture, Sofas & Loungers, Sofas
Derby Three Seater Sofa in Grey Colour by Urban Living,18999,Urban Living,,Fabric,Home, Furniture, Sofas & Loungers, Sofas
Bordeaux Beauty Three Seater Sofa with Throw Cushions in Java Brown Colour by Urban Living,25499,Urban Living,,Fabric,Home, Furniture, Sofas & Loungers, Sofas
Mirly Three Seater Sofa in Beige Colour by Home City,20499,Home City,,Leatherette,Home, Furniture, Sofas & Loungers, Sofas
Litchi Three Seater Sofa in Yellow Colour by Furnitech,18499,Furnitech,,Fabric,Home, Furniture, Sofas & Loungers, Sofas
Madisson Three Seater Sofa in Black Colour by Furnitech,17499,Furnitech,,Leatherette,Home, Furniture, Sofas & Loungers, Sofas
Shelby Three Seater Sofa in Merlot Brown Finish by @Home,20900,@ Home,,Fabric,Home, Furniture, Sofas & Loungers, Sofas
Franklin Three Seater Sofa in Tan Brown Leatherette by Cloud 9,26499,Cloud 9,,Leatherette,Home, Furniture, Sofas & Loungers, Sofas
Manchester Three Seater Sofa in Red & Black Colour by Cloud 9,24999,Cloud 9,,Leatherette,Home, Furniture, Sofas & Loungers, Sofas
Rivera Three Seater Sofa in Green Colour by Peachtree,35999,Peachtree,,Fabric,Home, Furniture, Sofas & Loungers, Sofas
Rivera Three Seater Sofa in Blue Colour by Peachtree,35999,Peachtree,,Fabric,Home, Furniture, Sofas & Loungers, Sofas
Delta Three Seater Sofa in Coffee Brown Colour by Cloud 9,20999,Cloud 9,,Fabric,Home, Furniture, Sofas & Loungers, Sofas
Starlon Three Seater Sofa in Blue Colour by Cloud 9,27999,Cloud 9,,Fabric,Home, Furniture, Sofas & Loungers, Sofas
Katty Three Seater Sofa in Grey & Black Colour by Cloud 9,26499,Cloud 9,,Fabric,Home, Furniture, Sofas & Loungers, Sofas
Rosaberry Three Seater Sofa in Ivory & Coffee Leatherette by Cloud 9,25999,Cloud 9,,Leatherette,Home, Furniture, Sofas & Loungers, Sofas
Alton Three Seater Sofa in Light Brown Colour by Peachtree,35499,Peachtree,,Fabric,Home, Furniture, Sofas & Loungers, Sofas
Rome Three Seater Sofa in Purple Colour by Peachtree,19890,Peachtree,,Fabric,Home, Furniture, Sofas & Loungers, Sofas
Rio Three Seater Sofa in Purple Colour by Peachtree,25999,Peachtree,,Fabric,Home, Furniture, Sofas & Loungers, Sofas
Three Seater Sofa in Beige Colour by Karigar,22552,Karigar,,Leatherette,Home, Furniture, Sofas & Loungers, Sofas
Zebra Three Seater Sofa in Black Leatherette by Cloud 9,24999,Cloud 9,,Leatherette,Home, Furniture, Sofas & Loungers, Sofas
Bluebird Three Seater Sofa in Sky Blue Colour by Cloud 9,27999,Cloud 9,,Fabric,Home, Furniture, Sofas & Loungers, Sofas
Maxim Three Seater Sofa in Aqua Colour by Madesos,61116,Madesos,,Fabric,Home, Furniture, Sofas & Loungers, Sofas
Cilantro Three Seater Sofa in Chocolate Colour by Tezerac,20499,Tezerac,,Teak Wood,Home, Furniture, Sofas & Loungers, Sofas
Edo Three Seater Sofa in Ivory Colour by Furnitech,17499,Furnitech,,Leatherette,Home, Furniture, Sofas & Loungers, Sofas
Elena Three Seater Sofa by @home,19900,@ Home,,Fabric,Home, Furniture, Sofas & Loungers, Sofas
Wave Three Seater Sofa in Brown Colour by Tezerac,20499,Tezerac,,Leatherette,Home, Furniture, Sofas & Loungers, Sofas
Alto Three Seater Leatherette Sofa in Black Colour by Star India,17499,Star India,Black,Leatherette,Home, Furniture, Sofas & Loungers, Sofas
Mirly Three Seater Sofa in Cream Color by Home City,20499,Home City,Cream,Leatherette,Home, Furniture, Sofas & Loungers, Sofas
Mariana Teak Wood Three Seater Sofa in Fresh Walnut Finish by Finesse,25999,Finesse,Natural Teak,Teak Wood,Home, Furniture, Sofas & Loungers, Sofas
Grendale Stylish Three Seater Sofa in Greenish Blue Colour by Dreamzz Furniture,32199,Dreamzz Furniture,,Fabric,Home, Furniture, Sofas & Loungers, Sofas
Arrow Three Seater  Sofa in Black Colour by Furnitech,23499,Furnitech,,Fabric,Home, Furniture, Sofas & Loungers, Sofas
Malibu Three Seater Sofa in Aqua Colour by Furnitech,21999,Furnitech,,Fabric,Home, Furniture, Sofas & Loungers, Sofas
New Windsor Three Seater Sofa in Blue Colour by Furnitech,26499,Furnitech,,Fabric,Home, Furniture, Sofas & Loungers, Sofas
Brio Three Seater Sofa in Grey Colour by Furnitech,26999,Furnitech,,Fabric,Home, Furniture, Sofas & Loungers, Sofas
Brio Three Seater Sofa in Camel Colour by Furnitech,26999,Furnitech,,Fabric,Home, Furniture, Sofas & Loungers, Sofas
Oscar Three Seater Sofa with Cushions in Yellow Colour by Furnitech,16999,Furnitech,,Leatherette,Home, Furniture, Sofas & Loungers, Sofas
Rome Three Seater Sofa with Cushions in Cream Colour by Furnitech,22999,Furnitech,,Fabric,Home, Furniture, Sofas & Loungers, Sofas
Oxford Three Seater Sofa in Magenta Colour by Furnitech,18999,Furnitech,,Leatherette,Home, Furniture, Sofas & Loungers, Sofa Sets
Apollo Three Seater Sofa in Slate Black Colour by Furnitech,20999,Furnitech,,Fabric,Home, Furniture, Sofas & Loungers, Sofas
Florence Three Seater Sofa in Grey Colour by Furnitech,26499,Furnitech,,Fabric,Home, Furniture, Sofas & Loungers, Sofas
Rome Three Seater Sofa with Cushions in Teal Colour by Furnitech,22999,Furnitech,,Fabric,Home, Furniture, Sofas & Loungers, Sofas
Rome Three Seater Sofa with Cushions in Rust Colour by Furnitech,22999,Furnitech,,Fabric,Home, Furniture, Sofas & Loungers, Sofas
Trump Three Seater Sofa in Floral Print by Furnitech,20999,Furnitech,,Fabric,Home, Furniture, Sofas & Loungers, Sofas
Cairns Three Seater Sofa in Grey & Black Colour by Furnitech,25499,Furnitech,,Fabric,Home, Furniture, Sofas & Loungers, Sofas
Cairns Three Seater Sofa in Black Colour by Furnitech,25499,Furnitech,,Fabric,Home, Furniture, Sofas & Loungers, Sofas
Balino Three Seater Sofa with Cushions in Brown Colour by Furnitech,26499,Furnitech,,Fabric,Home, Furniture, Sofas & Loungers, Sofas
Oscar Three Seater Sofa in Beige Colour by Furnitech,16999,Furnitech,,Leatherette,Home, Furniture, Sofas & Loungers, Sofas
Mexico Three Seater Sofa in Red & Black Colour by Furnitech,12499,Furnitech,,Leatherette,Home, Furniture, Sofas & Loungers, Sofas
Mexico Three Seater Sofa in Black Colour by Furnitech,12499,Furnitech,Black,Leatherette,Home, Furniture, Sofas & Loungers, Sofas
Apollo Three Seater Sofa in Beige Colour by Furnitech,20999,Furnitech,,Leatherette,Home, Furniture, Sofas & Loungers, Sofas
New Windsor Three Seater Sofa in Beige Colour by Furnitech,29999,Furnitech,,Fabric,Home, Furniture, Sofas & Loungers, Sofas
New Windsor Three Seater Sofa in Red Colour by Furnitech,29999,Furnitech,,Fabric,Home, Furniture, Sofas & Loungers, Sofa Sets
Brio Three Seater Sofa in Brown Colour by Furnitech,26999,Furnitech,,Fabric,Home, Furniture, Sofas & Loungers, Sofas
Oscar Three Seater Sofa with Cushions  in Camel Colour by Furnitech,16999,Furnitech,,Leatherette,Home, Furniture, Sofas & Loungers, Sofas
Edo Three Seater Sofa in Buff Colour by Furnitech,17499,Furnitech,,Leatherette,Home, Furniture, Sofas & Loungers, Sofas
Florence Three Seater Sofa in Blue Colour by Furnitech,26499,Furnitech,,Fabric,Home, Furniture, Sofas & Loungers, Sofas
Oxford Three Seater Sofa in Camel Colour by Furnitech,18999,Furnitech,,Leatherette,Home, Furniture, Sofas & Loungers, Sofas
Apollo Three Seater Sofa in Brown Colour by Furnitech,20999,Furnitech,,Leatherette,Home, Furniture, Sofas & Loungers, Sofas
Florence Three Seater Sofa in Sandy Colour by Furnitech,26499,Furnitech,,Fabric,Home, Furniture, Sofas & Loungers, Sofas
Oscar Three Seater Sofa with Cushions in Grape Wine Colour by Furnitech,16999,Furnitech,,Leatherette,Home, Furniture, Sofas & Loungers, Sofas
Edo Three Seater Sofa in Purple Colour by Furnitech,17499,Furnitech,,Leatherette,Home, Furniture, Sofas & Loungers, Sofas
Rome Three Seater Sofa  with Cushions in Grey Colour by Furnitech,22999,Furnitech,,Fabric,Home, Furniture, Sofas & Loungers, Sofas
Florence Three Seater Sofa in Cream Colour by Furnitech,26499,Furnitech,,Fabric,Home, Furniture, Sofas & Loungers, Sofas
Edo Three Seater Sofa in Camel Colour by Furnitech,19499,Furnitech,,Leatherette,Home, Furniture, Sofas & Loungers, Sofas
Mirly Three Seater Sofa in Grey Color by Home City,20499,Home City,Grey,Leatherette,Home, Furniture, Sofas & Loungers, Sofas
Jasmine Three Seater Sofa in Tawny Brown Colour by @ Home,20900,@ Home,,Fabric,Home, Furniture, Sofas & Loungers, Sofas
Beauty Three Seater Sofa in Brown Leatherette by @ Home,23900,@ Home,,Fabric,Home, Furniture, Sofas & Loungers, Sofas
Fabio Three Seater Sofa in Burgundy Colour by Evok,17337,Evok,,Fabric,Home, Furniture, Sofas & Loungers, Sofas
Fabio Three Seater Sofa in Chocolate Colour by Evok,25990,Evok,,Fabric,Home, Furniture, Sofas & Loungers, Sofas
Andorra Three Seater Sofa in Brown Colour by Evok,29990,Evok,,Fabric,Home, Furniture, Sofas & Loungers, Sofas
Zaira Three Seater Sofa in Dark Grey Colour by Evok,16436,Evok,,Fabric,Home, Furniture, Sofas & Loungers, Sofas
Austin Three Seater Sofa by Evok,45316,Evok,,Leather,Home, Furniture, Sofas & Loungers, Sofas
Barclay Three Seater Sofa in Dark Tan Colour by Evok,119990,Evok,,Leather,Home, Furniture, Sofas & Loungers, Sofas
Striking Button Tufted Three Seater Sofa in Grey Colour by Dreamzz Furniture,31099,Dreamzz Furniture,,Fabric,Home, Furniture, Sofas & Loungers, Sofas
Wisely Extra Comforting Three Seater Sofa in Dark Grey Colour by Dreamzz Furniture,29999,Dreamzz Furniture,,Fabric,Home, Furniture, Sofas & Loungers, Sofas
Cretel Three Seater Sofa in Light Grey Colour by Dreamzz Furniture,29999,Dreamzz Furniture,,Fabric,Home, Furniture, Sofas & Loungers, Sofas
Tempting Three Seater Sofa in Black Colour by Dreamzz Furniture,29999,Dreamzz Furniture,,Fabric,Home, Furniture, Sofas & Loungers, Sofas
Enthralling Three Seater Sofa in Grey Colour by Dreamzz Furniture,31099,Dreamzz Furniture,,Fabric,Home, Furniture, Sofas & Loungers, Sofas
Denver Three Seater Sofa in Tan Leatherette by Dreamzz Furniture,31099,Dreamzz Furniture,,Leatherette,Home, Furniture, Sofas & Loungers, Sofas
Dustin Stylish Three Seater Sofa in Grey Colour  by Dreamzz Furniture,29999,Dreamzz Furniture,,Fabric,Home, Furniture, Sofas & Loungers, Sofas
Complementing Spacious Three Seater Sofa in Light Beige by Dreamzz Furniture,29999,Dreamzz Furniture,,Fabric,Home, Furniture, Sofas & Loungers, Sofas
Chevron Three Seater Sofa in Blue Velvet by Dreamzz Furniture,31099,Dreamzz Furniture,,Fabric,Home, Furniture, Sofas & Loungers, Sofas
Soothing Three Seater Sofa in Light Grey Colour by Dreamzz Furniture,29999,Dreamzz Furniture,,Fabric,Home, Furniture, Sofas & Loungers, Sofas
Rozelle Three Seater Sofa in Maroon Velvet by Dreamzz Furniture,29999,Dreamzz Furniture,,Fabric,Home, Furniture, Sofas & Loungers, Sofas
Simplistic Three Seater Sofa in Grey Velvet by Dreamzz Furniture,30499,Dreamzz Furniture,,Fabric,Home, Furniture, Sofas & Loungers, Sofas
House Three Seater Sofa in Dark Green Velvet by Dreamzz Furniture,29999,Dreamzz Furniture,,Fabric,Home, Furniture, Sofas & Loungers, Sofas
Deep Padded Three Seater Sofa in Icy Blue Colour by Dreamzz Furniture,29999,Dreamzz Furniture,,Fabric,Home, Furniture, Sofas & Loungers, Sofas
Ralysan Three Seater Sofa in Grey Colour by Madesos,28499,Madesos,,Fabric,Home, Furniture, Sofas & Loungers, Sofa Sets
Ralysan Three Seater Sofa in Green Colour by Madesos,28499,Madesos,,Fabric,Home, Furniture, Sofas & Loungers, Sofas
Ralysan Three Seater Sofa in Dark Blue Colour by Madesos,28499,Madesos,,Fabric,Home, Furniture, Sofas & Loungers, Sofas
Cewana Three Seater Sofa in Yellow Colour by Madesos,31999,Madesos,,Fabric,Home, Furniture, Sofas & Loungers, Sofas
Ralysan Three Seater Sofa in Blue Colour by Madesos,28499,Madesos,,Fabric,Home, Furniture, Sofas & Loungers, Sofas
Gloria Three Seater Sofa in Brown Colour by Home City,27999,Home City,,Leatherette,Home, Furniture, Sofas & Loungers, Sofas
Hola Three Seater Sofa in Cream Colour by Home City,36499,Home City,,Leatherette,Home, Furniture, Sofas & Loungers, Sofas
Blackberry Three Seater Sofa in Black & Coffee Colour by Home City,21999,Home City,,Leatherette,Home, Furniture, Sofas & Loungers, Sofas
Mirly Three Seater Sofa in Brown Color by Home City,23499,Home City,Brown,Leatherette,Home, Furniture, Sofas & Loungers, Sofas
Manhattan Three Seater Sofa in Cappuccino Colour by Nilkamal,24515,Nilkamal,,Rubber Wood,Home, Furniture, Sofas & Loungers, Sofas
Define Three Seater Sofa in Maroon Colour by Home City,30499,Home City,,Fabric,Home, Furniture, Sofas & Loungers, Sofas
Piper Three Seater Fabric Sofa in Brown Colour by Home City,23999,Home City,,Fabric,Home, Furniture, Sofas & Loungers, Sofas
Gloria Three Seater Sofa in Orange Color by Home City,27999,Home City,Orange,Leatherette,Home, Furniture, Sofas & Loungers, Sofas
Wave Three Seater Sofa in White & Grey Colour by Home City,29499,Home City,,Leatherette,Home, Furniture, Sofas & Loungers, Sofas
Gloria Three Seater Sofa in Tan Color by Home City,27999,Home City,,Leatherette,Home, Furniture, Sofas & Loungers, Sofas
Valley Three Seater Sofa in Beige Colour by Home City,41499,Home City,,Leatherette,Home, Furniture, Sofas & Loungers, Sofas
Mobil Three Seater Sofa in Beige Colour by Home City,25999,Home City,,Leatherette,Home, Furniture, Sofas & Loungers, Sofas
Lloyd Three Seater Sofa in Brown Colour by Home City,36999,Home City,,Leatherette,Home, Furniture, Sofas & Loungers, Sofas
Evok Three Seater Sofa in Brown Colour by Home City,29499,Home City,,Fabric,Home, Furniture, Sofas & Loungers, Sofas
Seto Three Seater Sofa in Red & Black Colour by Home City,17499,Home City,,Leatherette,Home, Furniture, Sofas & Loungers, Sofa Sets
Toby Three Seater Leatherette Sofa in Beige Colour by Home City,34999,Home City,,Leatherette,Home, Furniture, Sofas & Loungers, Sofas
Piper Three Seater Sofa in Beige Colour by Home City,20999,Home City,,Leatherette,Home, Furniture, Sofas & Loungers, Sofas
Gloria Three Seater Sofa in Beige Colour by Home City,27999,Home City,,Leatherette,Home, Furniture, Sofas & Loungers, Sofas
Gloria Three Seater Sofa in Chocolate Brown Color by Home City,27999,Home City,,Leatherette,Home, Furniture, Sofas & Loungers, Sofas
Brayden Three Seater Sofa in Black Leatherette by Tezerac,31499,Tezerac,,Leatherette,Home, Furniture, Sofas & Loungers, Sofas
Brayden Three Seater Sofa in Dark Brown Leatherette by Tezerac,31499,Tezerac,,Leatherette,Home, Furniture, Sofas & Loungers, Sofas
Alton Three Seater Sofa in Green Colour by Peachtree,34499,Peachtree,,Fabric,Home, Furniture, Sofas & Loungers, Sofas
Rio Three Seater Sofa in Grey Colour by Peachtree,25999,Peachtree,,Fabric,Home, Furniture, Sofas & Loungers, Sofas
Felix Three Seater Sofa in Blue Colour by Peachtree,29990,Peachtree,,Fabric,Home, Furniture, Sofas & Loungers, Sofas
Hamilton Mid-Century Three Seater Sofa in Vintage Blue Genuine Leather by Studio Ochre,120999,Studio Ochre,,Leather,Home, Furniture, Sofas & Loungers, Sofas
Chester Three Seater Sofa in Brown Colour by Star India,56499,Star India,,Fabric,Home, Furniture, Sofas & Loungers, Sofas
Aarana Three Seater Sofa with Cushions in Walnut Finish by RVF,32499,RVF,,Fabric,Home, Furniture, Sofas & Loungers, Sofas
Bourbon Three Seater Sofa in Walnut Finish by RVF,32499,RVF,,Fabric,Home, Furniture, Sofas & Loungers, Sofa Sets
Oppulent Three Seater Sofa in Walnut Finish by RVF,32499,RVF,,Fabric,Home, Furniture, Sofas & Loungers, Sofa Sets
Uratex Three Seater Sofa in Walnut Finish by RVF,32499,RVF,,Fabric,Home, Furniture, Sofas & Loungers, Sofa Sets
Hapihomes Three Seater Sofa in Walnut Finish by RVF,32499,RVF,,Fabric,Home, Furniture, Sofas & Loungers, Sofa Sets
Lopez Three Seater Sofa in Walnut Finish by RVF,32499,RVF,,Fabric,Home, Furniture, Sofas & Loungers, Sofa Sets
Mariana Teak Wood Three Seater Sofa in Fresh Walnut Finish by Finesse,28499,Finesse,Fresh Walnut,Teak Wood,Home, Furniture, Sofas & Loungers, Sofa Sets
Hughes Teak Wood Three Seater Sofa in Fresh Walnut Finish by Finesse,31153,Finesse,Fresh Walnut,Teak Wood,Home, Furniture, Sofas & Loungers, Sofas
Winston Three Seater Sofa in Wenge Colour by Nilkamal,40860,Nilkamal,,Fabric,Home, Furniture, Sofas & Loungers, Sofas
Daryl RHS Three Seater Sofa in Grey Colour by Dreamzz Furniture,58000,Dreamzz Furniture,,Fabric,Home, Furniture, Sofas & Loungers, Sofas
Splendid Three Seater Sofa in Grey Colour by Dreamzz Furniture,32199,Dreamzz Furniture,,Fabric,Home, Furniture, Sofas & Loungers, Sofas
Sophisticated Chesterfield Three Seater Sofa in Blue Colour by Dreamzz Furniture,32500,Dreamzz Furniture,,Fabric,Home, Furniture, Sofas & Loungers, Sofas
Three Seater Sofa in Brown Colour by Karigar,47478,Karigar,,Teak Wood,Home, Furniture, Sofas & Loungers, Sofas
Modern Three Seater Sofa in Black Colour by Dreamzz Furniture,32000,Dreamzz Furniture,,Fabric,Home, Furniture, Sofas & Loungers, Sofas
Three Seater Sofa in Dark Grey Colour by Dreamzz Furniture,35000,Dreamzz Furniture,,Fabric,Home, Furniture, Sofas & Loungers, Sofas
Iconic Three Seater Sofa in Grey Colour by Dreamzz Furniture,35000,Dreamzz Furniture,,Fabric,Home, Furniture, Sofas & Loungers, Sofas
Trendy Nail Head Trim Three Seater Sofa in Black Colour by Dreamzz Furniture,30000,Dreamzz Furniture,,Fabric,Home, Furniture, Sofas & Loungers, Sofas
Modern Three Seater Upholstered Sofa in Off White Colour by Dreamzz Furniture,32000,Dreamzz Furniture,,Fabric,Home, Furniture, Sofas & Loungers, Sofas
Astonishing Three Seater Sofa by Dreamzz Furniture,41000,Dreamzz Furniture,,Fabric,Home, Furniture, Sofas & Loungers, Sofas
Felicity Three Seater Sofa in Navy Blue Colour by Dreamzz Furniture,43000,Dreamzz Furniture,,Fabric,Home, Furniture, Sofas & Loungers, Sofas
Ikon Three Seater Sofa in Black Colour by Dreamzz Furniture,42000,Dreamzz Furniture,,Fabric,Home, Furniture, Sofas & Loungers, Sofas
Plump Three Seater Sofa in Ionian Colour by Dreamzz Furniture,37000,Dreamzz Furniture,,Fabric,Home, Furniture, Sofas & Loungers, Sofas
Parkland Three Seater Sofa in Grey Colour by Dreamzz Furniture,32199,Dreamzz Furniture,,Fabric,Home, Furniture, Sofas & Loungers, Sofas
Chic Style Three Seater Chesterfield Sofa in Beige Colour by Dreamzz Furniture,39000,Dreamzz Furniture,,Fabric,Home, Furniture, Sofas & Loungers, Sofas
Stunning Three Seater Sofa in Pink Colour by Dreamzz Furniture,36000,Dreamzz Furniture,,Fabric,Home, Furniture, Sofas & Loungers, Sofas
Serendeous Three Seater Sofa in Blue Colour by Dreamzz Furniture,36000,Dreamzz Furniture,,Fabric,Home, Furniture, Sofas & Loungers, Sofas
Estella Three Seater Sofa in Navy Blue Colour by Dreamzz Furniture,41000,Dreamzz Furniture,,Fabric,Home, Furniture, Sofas & Loungers, Sofas
Charismatic Three Seater Sofa in Orange Velvet by Dreamzz Furniture,38599,Dreamzz Furniture,,Fabric,Home, Furniture, Sofas & Loungers, Sofas
Classiest Mid-century Three Seater Sofa in White Colour by Dreamzz Furniture,32199,Dreamzz Furniture,,Fabric,Home, Furniture, Sofas & Loungers, Sofas
Amigo Three Seater Upholstered Sofa in Tan Brown Leatherette by Dreamzz Furniture,33000,Dreamzz Furniture,,Leatherette,Home, Furniture, Sofas & Loungers, Sofas
Ralex Three Seater Sofa in Blue Colour by Madesos,28999,Madesos,,Fabric,Home, Furniture, Sofas & Loungers, Sofas
Syler Three Seater Sofa in Light Grey Colour by Madesos,31499,Madesos,,Fabric,Home, Furniture, Sofas & Loungers, Sofas
Syler Three Seater Sofa in Green Colour by Madesos,31499,Madesos,,Fabric,Home, Furniture, Sofas & Loungers, Sofas
Cewana Three Seater Sofa in Teal Blue Colour by Madesos,31999,Madesos,,Fabric,Home, Furniture, Sofas & Loungers, Sofas
Zalden Button Tufted Three Seater Sofa in Brown Colour by Madesos,48857,Madesos,,Fabric,Home, Furniture, Sofas & Loungers, Sofas
Dalbern Three Seater Sofa in Brown Colour  by Madesos,66915,Madesos,,Leatherette,Home, Furniture, Sofas & Loungers, Sofas
Malton Button Tufted Three Seater Sofa in Green Colour by Madesos,56281,Madesos,,Fabric,Home, Furniture, Sofas & Loungers, Sofas
Damos Three Seater Sofa in Beige Colour  by Madesos,71041,Madesos,,Fabric,Home, Furniture, Sofas & Loungers, Sofas
Semorn Three Seater Sofa in Brown Colour by Madesos,56615,Madesos,,Fabric,Home, Furniture, Sofas & Loungers, Sofas
Switex Three Seater Sofa in Aqua Colour by Madesos,61353,Madesos,,Fabric,Home, Furniture, Sofas & Loungers, Sofas
Alpha Three Seater Sofa in Grey Colour by Madesos,53499,Madesos,,Fabric,Home, Furniture, Sofas & Loungers, Sofas
Brexwell Three Seater Sofa in Camel Colour by Madesos,65853,Madesos,,Leatherette,Home, Furniture, Sofas & Loungers, Sofas
Melbourne Three Seater Sofa in Wenge Finish by Nilkamal,33774,Nilkamal,,Fabric,Home, Furniture, Sofas & Loungers, Sofas
Greenwich Three Seater Sofa in Beige Colour by Urban Living,18999,Urban Living,,Fabric,Home, Furniture, Sofas & Loungers, Sofas
Ravioli Three Seater Sofa in Beige Colour by HomeTown,28400,HomeTown,,Fabric,Home, Furniture, Sofas & Loungers, Sofas
Mirage Three Seater Sofa in Brown Colour by HomeTown,33400,HomeTown,Brown,Leatherette,Home, Furniture, Sofas & Loungers, Sofas
Three Seater Half Leather Sofa in Brown Colour by Star India,56499,Star India,,Leather,Home, Furniture, Sofas & Loungers, Sofas
Three Seater Half Leather Sofa in Dark Brown Colour by Star India,54499,Star India,,Leather,Home, Furniture, Sofas & Loungers, Sofas
Falcon Three Seater Sofa in Light Grey Colour by Star India,64499,Star India,,Half Leather,Home, Furniture, Sofas & Loungers, Sofas
Falcon Three Seater Sofa in Dark Brown Colour by Star India,64499,Star India,,Half Leather,Home, Furniture, Sofas & Loungers, Sofas
Three Seater Sofa in Dark Brown Colour by Yucad,40999,Yucad,,Fabric,Home, Furniture, Sofas & Loungers, Sofa Sets
Three Seater Sofa with Tufted Back in Brown Colour by Yucad,42499,Yucad,,Fabric,Home, Furniture, Sofas & Loungers, Sofa Sets
Three Seater Sofa with Wide Armrests in Maroon Leatherette by Yucad,40499,Yucad,,Leatherette,Home, Furniture, Sofas & Loungers, Sofa Sets
Three Seater Sofa with Tufted Back in Beige Colour by Yucad,42499,Yucad,,Fabric,Home, Furniture, Sofas & Loungers, Sofa Sets
Three Seater Sofa with Track Armrest in Green Colour by Yucad,39499,Yucad,,Fabric,Home, Furniture, Sofas & Loungers, Sofa Sets
Three Seater Sofa with Wide Armrests in Green Leatherette by Yucad,40499,Yucad,,Leatherette,Home, Furniture, Sofas & Loungers, Sofa Sets
Three Seater Sofa in Green Colour by Yucad,40499,Yucad,,Fabric,Home, Furniture, Sofas & Loungers, Sofa Sets
Three Seater Sofa in Golden Yellow Colour by Yucad,46499,Yucad,,Fabric,Home, Furniture, Sofas & Loungers, Sofa Sets
Three Seater Sofa with Track Armrest in Cyan Colour by Yucad,39499,Yucad,,Fabric,Home, Furniture, Sofas & Loungers, Sofa Sets
Three Seater Sofa in Green Colour by Yucad,40999,Yucad,,Fabric,Home, Furniture, Sofas & Loungers, Sofa Sets
Three Seater Sofa in Dark Brown Colour by Yucad,40499,Yucad,,Fabric,Home, Furniture, Sofas & Loungers, Sofa Sets
Three Seater Sofa in Brown Colour by Yucad,39999,Yucad,,Fabric,Home, Furniture, Sofas & Loungers, Sofa Sets
Three Seater Sofa with Wide Armrests in Steel blue Leatherette by Yucad,40499,Yucad,,Leatherette,Home, Furniture, Sofas & Loungers, Sofa Sets
Three Seater Sofa with Tapered Legs in Brown Colour by Yucad,41499,Yucad,,Fabric,Home, Furniture, Sofas & Loungers, Sofa Sets
Three Seater Sofa in Cyan Colour by Yucad,40499,Yucad,,Fabric,Home, Furniture, Sofas & Loungers, Sofa Sets
Three Seater Sofa with Low English Armrests in Green Colour by Yucad,40499,Yucad,,Fabric,Home, Furniture, Sofas & Loungers, Sofa Sets
Three Seater Sofa in Maroon Colour by Yucad,39999,Yucad,,Fabric,Home, Furniture, Sofas & Loungers, Sofas
Three Seater Sofa in Grey Colour by Yucad,39999,Yucad,,Fabric,Home, Furniture, Sofas & Loungers, Sofa Sets
Three Seater Sofa in Orange Colour by Yucad,39999,Yucad,,Fabric,Home, Furniture, Sofas & Loungers, Sofa Sets
Three Seater Sofa in Green Colour by Yucad,39999,Yucad,,Fabric,Home, Furniture, Sofas & Loungers, Sofa Sets
Three Seater Sofa in Brown Colour by Yucad,39999,Yucad,,Fabric,Home, Furniture, Sofas & Loungers, Sofa Sets
Three Seater Sofa with Slim Armrests in Brown Colour by Yucad,41499,Yucad,,Fabric,Home, Furniture, Sofas & Loungers, Sofa Sets
Three Seater Sofa with Low English Armrests in Azure Colour by Yucad,40499,Yucad,,Fabric,Home, Furniture, Sofas & Loungers, Sofa Sets
Three Seater Sofa in Red Colour by Yucad,40999,Yucad,,Fabric,Home, Furniture, Sofas & Loungers, Sofa Sets
Three Seater Sofa in Beige Leatherette by Yucad,51999,Yucad,,Leatherette,Home, Furniture, Sofas & Loungers, Sofa Sets
Three Seater Sofa with Outward Curved Armrest in Beige Leatherette by Yucad,39499,Yucad,,Leatherette,Home, Furniture, Sofas & Loungers, Sofa Sets
Three Seater Sofa with Tufted Back in Slate Grey Colour by Yucad,42499,Yucad,,Fabric,Home, Furniture, Sofas & Loungers, Sofa Sets
Three Seater Sofa with Low English Armrests in Slate Grey Colour by Yucad,40499,Yucad,,Fabric,Home, Furniture, Sofas & Loungers, Sofa Sets
Three Seater Sofa with Slim Armrests in Grey Colour by Yucad,41499,Yucad,,Fabric,Home, Furniture, Sofas & Loungers, Sofa Sets
Three Seater Sofa with Tapered Legs in Slate Grey Colour by Yucad,41499,Yucad,,Fabric,Home, Furniture, Sofas & Loungers, Sofa Sets
Three Seater Sofa with tufted cushions in Brown Leatherette by Yucad,38499,Yucad,,Leatherette,Home, Furniture, Sofas & Loungers, Sofa Sets
Three Seater Sofa with Tapered Legs in Beige Colour by Yucad,41499,Yucad,,Fabric,Home, Furniture, Sofas & Loungers, Sofa Sets
Three Seater Sofa with tufted cushions in Slate Grey Leatherette by Yucad,38499,Yucad,,Leatherette,Home, Furniture, Sofas & Loungers, Sofa Sets
Three Seater Sofa with Low English Armrests in Cyan Colour by Yucad,40499,Yucad,,Fabric,Home, Furniture, Sofas & Loungers, Sofa Sets
Three Seater Sofa with Low English Armrests in Purple Colour by Yucad,40499,Yucad,,Fabric,Home, Furniture, Sofas & Loungers, Sofa Sets
Three Seater Sofa in Royal blue Colour by Yucad,40499,Yucad,,Fabric,Home, Furniture, Sofas & Loungers, Sofa Sets
Three Seater Sofa with Wide Armrests in Silver Leatherette by Yucad,40499,Yucad,,Leatherette,Home, Furniture, Sofas & Loungers, Sofa Sets
Three Seater Sofa with Track Armrest in Dark Brown Colour by Yucad,39499,Yucad,,Fabric,Home, Furniture, Sofas & Loungers, Sofa Sets
Three Seater Sofa with Track Armrest in Beige Colour by Yucad,39499,Yucad,,Fabric,Home, Furniture, Sofas & Loungers, Sofa Sets
Three Seater Sofa in White Leatherette by Yucad,51999,Yucad,,Leatherette,Home, Furniture, Sofas & Loungers, Sofa Sets
Three Seater Sofa with Low English Armrests in Red Colour by Yucad,40499,Yucad,,Fabric,Home, Furniture, Sofas & Loungers, Sofa Sets
Three Seater Sofa with tufted cushions in Black Leatherette by Yucad,38499,Yucad,,Leatherette,Home, Furniture, Sofas & Loungers, Sofa Sets
Conisbrough Three Seater Sofa in Cream Colour by Tezerac,39499,Tezerac,,Fabric,Home, Furniture, Sofas & Loungers, Sofas
Carlsbad Three Seater Sofa in Navy Blue Colour by Tezerac,38999,Tezerac,,Fabric,Home, Furniture, Sofas & Loungers, Sofas
Simdegga Three Seater Sofa in Chocolate Brown Leatherette by Tezerac,25999,Tezerac,,Leatherette,Home, Furniture, Sofas & Loungers, Sofas
Carlsbad Three Seater Sofa in Red Colour by Tezerac,38999,Tezerac,,Fabric,Home, Furniture, Sofas & Loungers, Sofas
Ocala Three Seater Sofa in Brown Leatherette by Tezerac,22999,Tezerac,,Leatherette,Home, Furniture, Sofas & Loungers, Sofas
Carlsbad Three Seater Sofa in Cream Colour by Tezerac,38999,Tezerac,,Fabric,Home, Furniture, Sofas & Loungers, Sofas
Gaines Three Seater Sofa in Black Leatherette by Tezerac,25999,Tezerac,,Leatherette,Home, Furniture, Sofas & Loungers, Sofas
Edmunds Three Seater Sofa in Cream Colour by Tezerac,41499,Tezerac,,Fabric,Home, Furniture, Sofas & Loungers, Sofas
Carlsbad Three Seater Sofa in Grey Colour by Tezerac,38999,Tezerac,,Fabric,Home, Furniture, Sofas & Loungers, Sofas
Kennewick Solid Wood Three Seater Sofa in Provincial Teak Finish by Woodsworth,17499,Woodsworth,Provincial Teak,Sheesham Wood,Home, Furniture, Sofas & Loungers, Sofas
Rio Brilliance Three Seater Sofa in Yellow Colour by Urban Living,23999,Urban Living,,Fabric,Home, Furniture, Sofas & Loungers, Sofas
Mumbai Glitz Three Seater Sofa in Beige Colour by Urban Living,24999,Urban Living,,Fabric,Home, Furniture, Sofas & Loungers, Sofas
Bordeaux Beauty Three Seater Sofa with Throw Cushions in Umber Brown Colour by Urban Living,20999,Urban Living,,Fabric,Home, Furniture, Sofas & Loungers, Sofas
